країна;громада;мова листа;e-mail;телефон;сайт;населення;пріоритет;статус;файл листа
AT;Klosterneuburg;de;stadtamt@klosterneuburg.at;;https://www.klosterneuburg.at/;27 058;5;new;data/letters_danube/AT-Klosterneuburg.txt
AT;Krems an der Donau;de;buergerservice@krems.gv.at;;https://www.krems.gv.at/;25 272;5;new;data/letters_danube/AT-Krems_an_der_Donau.txt
AT;Leonding;de;rathaus@leonding.at;;https://www.leonding.at/;28 698;5;new;data/letters_danube/AT-Leonding.txt
AT;Linz;de;info@mag.linz.at;;https://www.linz.at/;211 944;5;new;data/letters_danube/AT-Linz.txt
AT;Wien;de;stadtservice@post.wien.gv.at;;https://www.wien.gv.at/;2 028 289;5;new;data/letters_danube/AT-Wien.txt
AT;Aggsbach;de;gemeindeamt@aggsbach.gv.at;;https://www.aggsbach.gv.at;615;4;new;data/letters_danube/AT-Aggsbach.txt
AT;Alkoven;de;gemeinde@alkoven.ooe.gv.at;;https://www.alkoven.at/;5 961;4;new;data/letters_danube/AT-Alkoven.txt
AT;Ardagger;de;gemeinde@ardagger.gv.at;;https://www.ardagger.gv.at/;3 604;4;new;data/letters_danube/AT-Ardagger.txt
AT;Aschach an der Donau;de;gemeinde@aschach-donau.ooe.gv.at;;https://www.aschach.at/;2 201;4;new;data/letters_danube/AT-Aschach_an_der_Donau.txt
AT;Asten;de;gemeinde@asten.ooe.gv.at;;https://www.asten.ooe.gv.at/;6 613;4;new;data/letters_danube/AT-Asten.txt
AT;Bad Deutsch-Altenburg;de;office@roemerland-carnuntum.at;;https://www.bad-deutsch-altenburg.gv.at;1 765;4;new;data/letters_danube/AT-Bad_Deutsch-Altenburg.txt
AT;Baumgartenberg;de;gemeinde@baumgartenberg.ooe.gv.at;;https://www.baumgartenberg.at/;1 734;4;new;data/letters_danube/AT-Baumgartenberg.txt
AT;Bergern im Dunkelsteinerwald;de;gde@bergern-dunkelsteinerwald.gv.at;;https://www.bergern-dunkelsteinerwald.at/;1 253;4;new;data/letters_danube/AT-Bergern_im_Dunkelsteinerwald.txt
AT;Bergland;de;gemeinde@bergland.gv.at;;https://www.bergland.gv.at/;1 901;4;new;data/letters_danube/AT-Bergland.txt
AT;Dürnstein;de;office@duernstein.gv.at;;https://www.duernstein.at;864;4;new;data/letters_danube/AT-Dürnstein.txt
AT;Eckartsau;de;info@eckartsau.gv.at;;https://www.eckartsau.gv.at;1 283;4;new;data/letters_danube/AT-Eckartsau.txt
AT;Emmersdorf an der Donau;de;office@emmersdorf.at;;https://www.emmersdorf.gv.at/;1 776;4;new;data/letters_danube/AT-Emmersdorf_an_der_Donau.txt
AT;Engelhartstetten;de;gemeinde@engelhartstetten.at;;https://www.engelhartstetten.at;1 979;4;new;data/letters_danube/AT-Engelhartstetten.txt
AT;Engelhartszell an der Donau;de;gemeinde@engelhartszell.ooe.gv.at;;https://www.engelhartszell.at/;942;4;new;data/letters_danube/AT-Engelhartszell_an_der_Donau.txt
AT;Enns;de;office@enns.ooe.gv.at;;https://www.enns.at/;11 937;4;new;data/letters_danube/AT-Enns.txt
AT;Ennsdorf;de;gemeinde@ennsdorf.gv.at;;https://www.ennsdorf.gv.at/;3 303;4;new;data/letters_danube/AT-Ennsdorf.txt
AT;Esternberg;de;gemeinde@esternberg.ooe.gv.at;;https://www.esternberg.at/;2 855;4;new;data/letters_danube/AT-Esternberg.txt
AT;Feldkirchen an der Donau;de;office@feldkirchen-donau.at;;https://www.feldkirchen-donau.at/;5 361;4;new;data/letters_danube/AT-Feldkirchen_an_der_Donau.txt
AT;Fischamend;de;amt@fischamend.gv.at;;https://www.fischamend.gv.at/;5 714;4;new;data/letters_danube/AT-Fischamend.txt
AT;Freinberg;de;gemeinde@freinberg.ooe.gv.at;;https://www.freinberg.at/;1 458;4;new;data/letters_danube/AT-Freinberg.txt
AT;Furth bei Göttweig;de;gemeinde@furth.at;;https://www.furth.at/;2 956;4;new;data/letters_danube/AT-Furth_bei_Göttweig.txt
AT;Gedersdorf;de;gemeindeamt@gedersdorf.at;;https://www.gedersdorf.at/;2 184;4;new;data/letters_danube/AT-Gedersdorf.txt
AT;Goldwörth;de;gemeinde@goldwoerth.ooe.gv.at;;https://www.goldwoerth.at/;840;4;new;data/letters_danube/AT-Goldwörth.txt
AT;Grafenwörth;de;gemeinde@grafenwoerth.gv.at;;https://www.grafenwoerth.at/;3 132;4;new;data/letters_danube/AT-Grafenwörth.txt
AT;Grein;de;info@baumfried.at;;https://www.grein.ooe.gv.at/;2 926;4;new;data/letters_danube/AT-Grein.txt
AT;Groß-Enzersdorf;de;buergerservice@gross-enzersdorf.gv.at;;https://www.grossenzersdorf.at;11 817;4;new;data/letters_danube/AT-Groß-Enzersdorf.txt
AT;Haibach ob der Donau;de;gemeinde@haibach-donau.ooe.gv.at;;https://www.haibach-donau.at/;1 308;4;new;data/letters_danube/AT-Haibach_ob_der_Donau.txt
AT;Hainburg an der Donau;de;gemeinde@hainburg-donau.gv.at;;https://www.hainburg.at;6 570;4;new;data/letters_danube/AT-Hainburg_an_der_Donau.txt
AT;Hartkirchen;de;gemeinde@hartkirchen.ooe.gv.at;;https://www.hartkirchen.ooe.gv.at/;4 099;4;new;data/letters_danube/AT-Hartkirchen.txt
AT;Haslau - Maria Ellend;de;gemeinde@haslau-mariaellend.gv.at;;https://www.haslau-mariaellend.gv.at;2 004;4;new;data/letters_danube/AT-Haslau_-_Maria_Ellend.txt
AT;Hausleiten;de;gemeinde@hausleiten.gv.at;;https://www.hausleiten.gv.at;3 843;4;new;data/letters_danube/AT-Hausleiten.txt
AT;Hofamt Priel;de;gemeinde@hofamtpriel.at;;https://www.hofamtpriel.at;1 714;4;new;data/letters_danube/AT-Hofamt_Priel.txt
AT;Hofkirchen im Mühlkreis;de;gemeindeamt@hofkirchen.at;;https://www.hofkirchen.at/;1 520;4;new;data/letters_danube/AT-Hofkirchen_im_Mühlkreis.txt
AT;Kirchberg am Wagram;de;marktgemeinde@kirchberg-wagram.gv.at;;https://www.kirchberg-wagram.at/;3 670;4;new;data/letters_danube/AT-Kirchberg_am_Wagram.txt
AT;Kirchberg ob der Donau;de;gemeindeamt@kirchberg-donau.at;;https://www.kirchberg-donau.at/;1 055;4;new;data/letters_danube/AT-Kirchberg_ob_der_Donau.txt
AT;Klein-Pöchlarn;de;gemeindeamt@klein-poechlarn.gv.at;;https://www.kleinpoechlarn.at;1 053;4;new;data/letters_danube/AT-Klein-Pöchlarn.txt
AT;Korneuburg;de;stadtamt@korneuburg.gv.at;;https://www.korneuburg.gv.at;12 986;4;new;data/letters_danube/AT-Korneuburg.txt
AT;Krummnußbaum;de;gemeinde@krummnussbaum.at;;https://www.krummnussbaum.at;1 724;4;new;data/letters_danube/AT-Krummnußbaum.txt
AT;Königsbrunn am Wagram;de;marktgemeinde@koenigsbrunn.at;;https://www.koenigsbrunn.at/;1 319;4;new;data/letters_danube/AT-Königsbrunn_am_Wagram.txt
AT;Langenrohr;de;gemeinde@langenrohr.gv.at;;https://www.langenrohr.gv.at/;2 369;4;new;data/letters_danube/AT-Langenrohr.txt
AT;Langenstein;de;gemeinde@langenstein.ooe.gv.at;;https://www.langenstein.at/;2 534;4;new;data/letters_danube/AT-Langenstein.txt
AT;Langenzersdorf;de;gemeinde@langenzersdorf.gv.at;;https://www.langenzersdorf.gv.at;8 194;4;new;data/letters_danube/AT-Langenzersdorf.txt
AT;Leiben;de;info@leiben.gv.at;;https://www.leiben.at;1 321;4;new;data/letters_danube/AT-Leiben.txt
AT;Leobendorf;de;marktgemeinde@leobendorf.at;;https://www.leobendorf.at/;5 265;4;new;data/letters_danube/AT-Leobendorf.txt
AT;Luftenberg an der Donau;de;gemeindeamt@luftenberg.ooe.gv.at;;https://www.luftenberg.at/;4 057;4;new;data/letters_danube/AT-Luftenberg_an_der_Donau.txt
AT;Mannsdorf an der Donau;de;gemeinde@mannsdorf.gv.at;;https://www.mannsdorf.at/;342;4;new;data/letters_danube/AT-Mannsdorf_an_der_Donau.txt
AT;Marbach an der Donau;de;info@marbach-donau.gv.at;;https://www.marbach-donau.at;1 690;4;new;data/letters_danube/AT-Marbach_an_der_Donau.txt
AT;Maria Laach am Jauerling;de;gemeinde@maria-laach.gv.at;;https://www.marialaach.at/;916;4;new;data/letters_danube/AT-Maria_Laach_am_Jauerling.txt
AT;Mautern an der Donau;de;stadtgemeinde@mautern-donau.gv.at;;https://www.mautern.at;3 418;4;new;data/letters_danube/AT-Mautern_an_der_Donau.txt
AT;Mauthausen;de;gu@mauthausen.at;;https://www.mauthausen.at/;4 936;4;new;data/letters_danube/AT-Mauthausen.txt
AT;Melk;de;melk@donau.com;;https://www.melk.gv.at/;5 725;4;new;data/letters_danube/AT-Melk.txt
AT;Muckendorf-Wipfing;de;gemeinde@muckendorf-wipfing.at;;https://www.muckendorf-wipfing.at/;1 573;4;new;data/letters_danube/AT-Muckendorf-Wipfing.txt
AT;Naarn im Machlande;de;gemeinde@naarn.ooe.gv.at;;https://www.naarn.at/;3 690;4;new;data/letters_danube/AT-Naarn_im_Machlande.txt
AT;Neustadtl an der Donau;de;gemeinde@neustadtl.at;;https://www.neustadtl.at/;2 167;4;new;data/letters_danube/AT-Neustadtl_an_der_Donau.txt
AT;Neustift im Mühlkreis;de;gemeinde@neustift-muehlviertel.at;;https://www.neustift-muehlviertel.at/;1 461;4;new;data/letters_danube/AT-Neustift_im_Mühlkreis.txt
AT;Niederkappel;de;gemeinde@niederkappel.at;;https://www.niederkappel.at/;985;4;new;data/letters_danube/AT-Niederkappel.txt
AT;Nöchling;de;marktgemeinde@noechling.gv.at;;https://www.noechling.at/;1 017;4;new;data/letters_danube/AT-Nöchling.txt
AT;Orth an der Donau;de;info@orth.at;;https://www.orth.at;2 086;4;new;data/letters_danube/AT-Orth_an_der_Donau.txt
AT;Ottensheim;de;webmaster@ottensheim.at;;https://www.ottensheim.ooe.gv.at/;4 721;4;new;data/letters_danube/AT-Ottensheim.txt
AT;Persenbeug-Gottsdorf;de;gemeinde@persenbeug-gottsdorf.at;;https://www.persenbeug-gottsdorf.gv.at/;2 201;4;new;data/letters_danube/AT-Persenbeug-Gottsdorf.txt
AT;Petronell-Carnuntum;de;marktgemeinde@petronell-carnuntum.gv.at;;https://www.petronell.at;1 245;4;new;data/letters_danube/AT-Petronell-Carnuntum.txt
AT;Pfarrkirchen im Mühlkreis;de;gemeindeamt@pfarrkirchen.at;;https://www.pfarrkirchen.at/;1 474;4;new;data/letters_danube/AT-Pfarrkirchen_im_Mühlkreis.txt
AT;Puchenau;de;gemeinde@puchenau.at;;https://www.puchenau.at/;4 445;4;new;data/letters_danube/AT-Puchenau.txt
AT;Pupping;de;gemeinde@pupping.ooe.gv.at;;https://www.pupping.at/;1 824;4;new;data/letters_danube/AT-Pupping.txt
AT;Pöchlarn;de;info@poechlarn.at;;https://www.poechlarn.at/;3 912;4;new;data/letters_danube/AT-Pöchlarn.txt
AT;Rossatz-Arnsdorf;de;gemeinde@rossatz-arnsdorf.gv.at;;https://www.rossatz-arnsdorf.at/;1 065;4;new;data/letters_danube/AT-Rossatz-Arnsdorf.txt
AT;Sankt Andrä-Wördern;de;post@staw.at;;https://www.staw.at/;7 870;4;new;data/letters_danube/AT-Sankt_Andrä-Wördern.txt
AT;Sankt Martin-Karlsbach;de;marktgemeinde@st-martin-karlsbach.gv.at;;https://www.st-martin-karlsbach.gv.at;1 659;4;new;data/letters_danube/AT-Sankt_Martin-Karlsbach.txt
AT;Sankt Pantaleon-Erla;de;gemeinde@st-pantaleon-erla.gv.at;;https://www.st-pantaleon-erla.gv.at/;2 707;4;new;data/letters_danube/AT-Sankt_Pantaleon-Erla.txt
AT;Saxen;de;gemeinde@saxen.at;;https://www.saxen.at/;1 820;4;new;data/letters_danube/AT-Saxen.txt
AT;Scharndorf;de;Gemeinde@scharndorf.gv.at;;https://www.scharndorf.gv.at;1 159;4;new;data/letters_danube/AT-Scharndorf.txt
AT;Schwechat;de;stadtgemeinde@schwechat.gv.at;;https://www.schwechat.gv.at/;18 026;4;new;data/letters_danube/AT-Schwechat.txt
AT;Schönbühel-Aggsbach;de;schoenbuehel-aggsbach@aggsbach-dorf.at;;https://www.schoenbuehel.at;981;4;new;data/letters_danube/AT-Schönbühel-Aggsbach.txt
AT;Spillern;de;marktgemeinde@spillern.at;;https://www.spillern.at;2 644;4;new;data/letters_danube/AT-Spillern.txt
AT;Spitz;de;gemeindeamt@spitz.gv.at;;https://www.spitz-wachau.at/;1 534;4;new;data/letters_danube/AT-Spitz.txt
AT;St. Aegidi;de;gemeinde@st-aegidi.ooe.gv.at;;https://www.st-aegidi.at/;1 556;4;new;data/letters_danube/AT-St_Aegidi.txt
AT;St. Agatha;de;gemeinde@st-agatha.ooe.gv.at;;https://www.st-agatha.at/;2 116;4;new;data/letters_danube/AT-St_Agatha.txt
AT;St. Martin im Mühlkreis;de;gemeindeamt@sankt-martin.at;;https://www.sankt-martin.at/;3 757;4;new;data/letters_danube/AT-St_Martin_im_Mühlkreis.txt
AT;St. Nikola an der Donau;de;gemeinde@st-nikola-donau.ooe.gv.at;;https://www.st-ikola.at/;798;4;new;data/letters_danube/AT-St_Nikola_an_der_Donau.txt
AT;Steyregg;de;office@steyregg.at;;https://www.steyregg.at/;4 889;4;new;data/letters_danube/AT-Steyregg.txt
AT;Stockerau;de;stadtgemeinde@stockerau.gv.at;;https://www.stockerau.at;17 210;4;new;data/letters_danube/AT-Stockerau.txt
AT;Strengberg;de;gemeinde@strengberg.gv.at;;https://www.strengberg.gv.at/;2 055;4;new;data/letters_danube/AT-Strengberg.txt
AT;Traismauer;de;stadtgemeinde@traismauer.at;;https://www.traismauer.at/;6 224;4;new;data/letters_danube/AT-Traismauer.txt
AT;Tulln an der Donau;de;stadtamt@tulln.gv.at;;https://www.tulln.at/;16 197;4;new;data/letters_danube/AT-Tulln_an_der_Donau.txt
AT;Vichtenstein;de;gemeinde@vichtenstein.ooe.gv.at;;https://www.vichtenstein.ooe.gv.at/;611;4;new;data/letters_danube/AT-Vichtenstein.txt
AT;Waldhausen im Strudengau;de;gemeinde@waldhausen.ooe.gv.at;;https://www.waldhausen.at/;2 853;4;new;data/letters_danube/AT-Waldhausen_im_Strudengau.txt
AT;Waldkirchen am Wesen;de;gemeinde@waldkirchen.ooe.gv.at;;https://www.waldkirchen.at/;1 171;4;new;data/letters_danube/AT-Waldkirchen_am_Wesen.txt
AT;Wallsee-Sindelburg;de;gemeinde@wallsee-sindelburg.gv.at;;https://www.wallsee-sindelburg.gv.at/;2 178;4;new;data/letters_danube/AT-Wallsee-Sindelburg.txt
AT;Weißenkirchen in der Wachau;de;info@weissenkirchen-wachau.at;;https://www.weissenkirchen-wachau.at/;1 429;4;new;data/letters_danube/AT-Weißenkirchen_in_der_Wachau.txt
AT;Wilhering;de;gemeinde@wilhering.at;;https://www.wilhering.at/;5 911;4;new;data/letters_danube/AT-Wilhering.txt
AT;Wolfsthal;de;gemeinde@wolfsthal.gv.at;;https://www.wolfsthal.gv.at/;1 032;4;new;data/letters_danube/AT-Wolfsthal.txt
AT;Ybbs an der Donau;de;stadtgemeinde@ybbs.at;;https://www.ybbs.at/;5 653;4;new;data/letters_danube/AT-Ybbs_an_der_Donau.txt
AT;Zeiselmauer-Wolfpassing;de;gemeinde@zeiselmauer.gv.at;;https://www.zeiselmauer-wolfpassing.at/;2 302;4;new;data/letters_danube/AT-Zeiselmauer-Wolfpassing.txt
AT;Zelking-Matzleinsdorf;de;gemeinde@zelking-matzleinsdorf.gv.at;;https://www.zelking-matzleinsdorf.gv.at;1 214;4;new;data/letters_danube/AT-Zelking-Matzleinsdorf.txt
AT;Zwentendorf an der Donau;de;marktgemeinde@zwentendorf-donau.gv.at;;https://www.zwentendorf.at/;3 982;4;new;data/letters_danube/AT-Zwentendorf_an_der_Donau.txt
HU;Baja;hu;;;https://www.bajaionkormanyzat.hu/;32 401;7;new;
HU;Budapest;hu;megbizhato.szobaberlet@budapest.hu;;https://budapest.hu/;1 685 209;7;new;data/letters_danube/HU-Budapest.txt
HU;Dunaharaszti;hu;;;https://dunaharaszti.hu/;23 700;7;new;
HU;Dunakeszi;hu;jegyzo@dunakeszi.hu;;https://dunakeszi.hu/;42 630;7;new;data/letters_danube/HU-Dunakeszi.txt
HU;Dunaújváros;hu;sajto@dunaujvaros.hu;;https://dunaujvaros.hu/;41 193;7;new;data/letters_danube/HU-Dunaújváros.txt
HU;Esztergom;hu;varoshaza@esztergom.hu;;https://www.esztergom.hu/;28 521;7;new;data/letters_danube/HU-Esztergom.txt
HU;Győr;hu;hivatal.gyor@gyor.gov.hu;;https://www.gyor.hu;129 373;7;new;data/letters_danube/HU-Győr.txt
HU;Göd;hu;varoshaza@god.hu;;http://god.hu/;21 838;7;new;data/letters_danube/HU-Göd.txt
HU;Mosonmagyaróvár;hu;;;http://mosonmagyarovar.hu/;33 743;7;new;
HU;Szentendre;hu;ugyfelszolgalat@szentendre.hu;;https://szentendre.hu/;28 483;7;new;data/letters_danube/HU-Szentendre.txt
HU;Szigetszentmiklós;hu;sajto@szigetszentmiklos.hu;;http://szigetszentmiklos.hu;40 132;7;new;data/letters_danube/HU-Szigetszentmiklós.txt
HU;Vác;hu;;;http://www.vac.hu;33 871;7;new;
HU;Érd;hu;onkormanyzat@erd.hu;;https://www.erd.hu/;71 495;7;new;data/letters_danube/HU-Érd.txt
HU;Abda;hu;titkarsag@abda.hu;;http://www.abda.hu/;3 155;6;new;data/letters_danube/HU-Abda.txt
HU;Adony;hu;jegyzo@adony.hu;;http://www.adony.hu;4 103;6;new;data/letters_danube/HU-Adony.txt
HU;Almásfüzitő;hu;polghiv@almasfuzito.hu;;http://www.almasfuzito.hu;2 016;6;new;data/letters_danube/HU-Almásfüzitő.txt
HU;Apostag;hu;;;https://apostag.hu/;2 031;6;new;
HU;Baracs;hu;;;http://baracs.hu/;3 446;6;new;
HU;Bezenye;hu;igazgatas@bezenye.hu;;http://www.bezenye.hu;1 324;6;new;data/letters_danube/HU-Bezenye.txt
HU;Bogyiszló;hu;hivatal@bogyiszlo.hu;;https://bogyiszlo.hu/;1 970;6;new;data/letters_danube/HU-Bogyiszló.txt
HU;Budakalász;hu;info@budakalasz.hu;;https://www.budakalasz.hu/;12 088;6;new;data/letters_danube/HU-Budakalász.txt
HU;Bár;hu;;;http://www.bar.hu;549;6;new;
HU;Báta;hu;;;http://www.bata.hu/;1 366;6;new;
HU;Bátya;hu;ugyfelszolgalat@dtkh.hu;;https://batya.hu/;1 787;6;new;data/letters_danube/HU-Bátya.txt
HU;Bölcske;hu;polghiv@bolcske.hu;;https://bolcske.hu/;2 568;6;new;data/letters_danube/HU-Bölcske.txt
HU;Darnózseli;hu;polgarmester@darnozseli.hu;;http://www.darnozseli.hu;1 615;6;new;data/letters_danube/HU-Darnózseli.txt
HU;Decs;hu;phdecs@decs.hu;;http://www.decs.hu/;3 737;6;new;data/letters_danube/HU-Decs.txt
HU;Dunaalmás;hu;;;https://dunaalmas.hu/;1 836;6;new;
HU;Dunabogdány;hu;etkeztetes@dunabogdany.hu;;http://www.dunabogdany.hu;3 256;6;new;data/letters_danube/HU-Dunabogdány.txt
HU;Dunaegyháza;hu;hivatal@dunaegyhaza.hu;;https://www.dunaegyhaza.hu/;1 433;6;new;data/letters_danube/HU-Dunaegyháza.txt
HU;Dunafalva;hu;ugykezelo@dunafalva.hu;;http://www.dunafalva.hu;800;6;new;data/letters_danube/HU-Dunafalva.txt
HU;Dunaföldvár;hu;;;http://www.dunafoldvar.hu/;8 249;6;new;
HU;Dunakiliti;hu;;;http://www.dunakiliti.hu/;2 079;6;new;
HU;Dunapataj;hu;;;http://www.dunapataj.hu;3 015;6;new;
HU;Dunaremete;hu;info@dunaremete.hu;;http://www.dunaremete.hu/;255;6;new;data/letters_danube/HU-Dunaremete.txt
HU;Dunaszeg;hu;dunaszeg@dunaszeg.hu;;http://www.dunaszeg.hu/;2 324;6;new;data/letters_danube/HU-Dunaszeg.txt
HU;Dunaszekcső;hu;;;https://www.dunaszekcso.hu/;1 723;6;new;
HU;Dunaszentbenedek;hu;igazgatas@dunaszentbenedek.hu;;http://dunaszentbenedek.hu;734;6;new;data/letters_danube/HU-Dunaszentbenedek.txt
HU;Dunaszentpál;hu;;;http://www.dunaszentpal.hu/;739;6;new;
HU;Dunasziget;hu;;;http://www.dunasziget.hu/;1 836;6;new;
HU;Dunavarsány;hu;titkarsag@dunavarsany.hu;;http://www.dunavarsany.hu;8 987;6;new;data/letters_danube/HU-Dunavarsány.txt
HU;Dunavecse;hu;;;http://www.dunavecse.hu/;3 894;6;new;
HU;Dusnok;hu;jegyzo@dusnok.hu;;https://dusnok.hu/;2 591;6;new;data/letters_danube/HU-Dusnok.txt
HU;Dömsöd;hu;2344fi@gmail.com;;http://www.domsod.hu/;5 948;6;new;data/letters_danube/HU-Dömsöd.txt
HU;Dömös;hu;onkormanyzat@domos.hu;;http://www.domos.hu;1 148;6;new;data/letters_danube/HU-Dömös.txt
HU;Ercsi;hu;;;http://ercsi.hu;7 986;6;new;
HU;Fadd;hu;titkarsagfaddph@tolna.net;;https://fadd.hu/;4 035;6;new;data/letters_danube/HU-Fadd.txt
HU;Fajsz;hu;fajszph@fajsz.hu;;http://www.fajsz.hu;1 549;6;new;data/letters_danube/HU-Fajsz.txt
HU;Feketeerdő;hu;polgarmester@feketeerdo.hu;;http://www.feketeerdo.hu/;676;6;new;data/letters_danube/HU-Feketeerdő.txt
HU;Foktő;hu;hivatal@fokto.hu;;https://fokto.hu/;1 354;6;new;data/letters_danube/HU-Foktő.txt
HU;Gerjen;hu;fejlesztes@gerjen.hu;;https://gerjen.hu/;1 159;6;new;data/letters_danube/HU-Gerjen.txt
HU;Győrladamér;hu;igazgatas@gyorladamer.hu;;http://www.gyorladamer.hu/;1 937;6;new;data/letters_danube/HU-Győrladamér.txt
HU;Győrzámoly;hu;;;http://www.gyorzamoly.hu/;3 994;6;new;
HU;Győrújfalu;hu;igazgatas@gyorujfalu.hu;;http://www.gyorujfalu.hu/;2 519;6;new;data/letters_danube/HU-Győrújfalu.txt
HU;Géderlak;hu;;;https://gederlak.hu/;864;6;new;
HU;Gönyű;hu;;;http://www.gonyu.hu;3 262;6;new;
HU;Halászi;hu;;;http://www.halaszi.hu;3 279;6;new;
HU;Halásztelek;hu;hivatal@halasztelek.hu;;http://www.halasztelek.hu;12 084;6;new;data/letters_danube/HU-Halásztelek.txt
HU;Harta;hu;harta@harta.hu;;http://www.harta.hu;3 310;6;new;data/letters_danube/HU-Harta.txt
HU;Hercegszántó;hu;;;http://hercegszanto.hu;1 628;6;new;
HU;Homorúd;hu;;;;522;6;new;
HU;Hédervár;hu;polgarmester@hedervar.hu;;http://www.hedervar.hu/;1 356;6;new;data/letters_danube/HU-Hédervár.txt
HU;Iváncsa;hu;jegyzo@ivancsa.hu;;http://www.ivancsa.hu;2 790;6;new;data/letters_danube/HU-Iváncsa.txt
HU;Kalocsa;hu;ugyfelszolgalat@kalocsaviz.hu;;https://www.kalocsa.hu;14 257;6;new;data/letters_danube/HU-Kalocsa.txt
HU;Kimle;hu;;;http://www.kimle.hu/;2 291;6;new;
HU;Kisapostag;hu;;;https://kisapostag.hu/;1 407;6;new;
HU;Kisbajcs;hu;;;http://www.kisbajcs.hu/;921;6;new;
HU;Kisbodak;hu;polgarmester@kisbodak.hu;;http://www.kisbodak.hu/;368;6;new;data/letters_danube/HU-Kisbodak.txt
HU;Kiskunlacháza;hu;pmhivatal@kiskunlachaza.hu;;https://www.kiskunlachaza.hu/;9 441;6;new;data/letters_danube/HU-Kiskunlacháza.txt
HU;Kismaros;hu;titkarsag@kismaros.hu;;http://www.kismaros.hu;2 617;6;new;data/letters_danube/HU-Kismaros.txt
HU;Kisoroszi;hu;hivatal@kisoroszi.hu;;http://www.kisoroszi.hu;913;6;new;data/letters_danube/HU-Kisoroszi.txt
HU;Komárom;hu;komarom@komarom.hu;;http://www.komarom.hu;19 862;6;new;data/letters_danube/HU-Komárom.txt
HU;Kulcs;hu;titkarsag@kulcs.eu;;https://www.kulcs.eu/;3 613;6;new;data/letters_danube/HU-Kulcs.txt
HU;Kunsziget;hu;onkormanyzat@kunsziget.hu;;http://www.kunsziget.hu/;1 482;6;new;data/letters_danube/HU-Kunsziget.txt
HU;Károlyháza;hu;;;http://www.karolyhaza.hu/;420;6;new;
HU;Kölked;hu;hivatal@kolked.hu;;http://www.kolked.hu/;946;6;new;data/letters_danube/HU-Kölked.txt
HU;Leányfalu;hu;jegyzo@leanyfalu.hu;;http://www.leanyfalu.hu/;4 053;6;new;data/letters_danube/HU-Leányfalu.txt
HU;Lipót;hu;lipotonkormanyzat@lipot.hu;;http://www.lipot.hu/;840;6;new;data/letters_danube/HU-Lipót.txt
HU;Lábatlan;hu;polghiv@labatlan.hu;;http://www.labatlan.hu;4 851;6;new;data/letters_danube/HU-Lábatlan.txt
HU;Lébény;hu;;;http://www.lebeny.hu/;3 283;6;new;
HU;Lórév;hu;;;http://www.lorev.hu;294;6;new;
HU;Madocsa;hu;polgarmester@madocsa.hu;;https://www.madocsa.hu/;1 762;6;new;data/letters_danube/HU-Madocsa.txt
HU;Majosháza;hu;titkarsag@majoshaza.hu;;https://www.majoshaza.hu/;1 697;6;new;data/letters_danube/HU-Majosháza.txt
HU;Makád;hu;jegyzo@makad.hu;;http://www.makad.hu;1 206;6;new;data/letters_danube/HU-Makád.txt
HU;Mecsér;hu;;;http://www.mecser.hu/;672;6;new;
HU;Mohács;hu;mohacs@mohacs.hu;;http://www.mohacs.hu;17 054;6;new;data/letters_danube/HU-Mohács.txt
HU;Máriakálnok;hu;;;http://www.mariakalnok.hu;2 074;6;new;
HU;Nagybajcs;hu;;;;1 232;6;new;
HU;Nagymaros;hu;hivatal@nagymaros.hu;;https://nagymaros.hu/;5 011;6;new;data/letters_danube/HU-Nagymaros.txt
HU;Nagyszentjános;hu;info@nagyszentjanos.hu;;https://nagyszentjanos.asp.lgov.hu/;2 042;6;new;data/letters_danube/HU-Nagyszentjános.txt
HU;Neszmély;hu;;;http://www.neszmely.hu;1 386;6;new;
HU;Nyergesújfalu;hu;;;http://www.nyergesujfalu.hu;7 206;6;new;
HU;Ordas;hu;ordas@ordas.hu;;http://www.ordas.hu;437;6;new;data/letters_danube/HU-Ordas.txt
HU;Paks;hu;pakshonlap@gmail.com;;http://www.paks.hu;17 873;6;new;data/letters_danube/HU-Paks.txt
HU;Pilismarót;hu;igazgatas@pilismarot.hu;;http://www.pilismarot.hu;2 166;6;new;data/letters_danube/HU-Pilismarót.txt
HU;Pócsmegyer;hu;;;http://www.pocsmegyer.hu;2 849;6;new;
HU;Pörböly;hu;;;http://www.porboly.hu/;497;6;new;
HU;Püski;hu;;;;648;6;new;
HU;Rajka;hu;;;http://rajka.hu;5 459;6;new;
HU;Rácalmás;hu;titkarsag@racalmas.hu;;http://www.racalmas.hu;4 928;6;new;data/letters_danube/HU-Rácalmás.txt
HU;Ráckeve;hu;;;http://www.rackeve.hu;11 086;6;new;
HU;Solt;hu;;;http://www.solt.hu;5 817;6;new;
HU;Szalkszentmárton;hu;info@szalkszentmarton.hu;;https://szalkszentmarton.hu/;2 825;6;new;data/letters_danube/HU-Szalkszentmárton.txt
HU;Szeremle;hu;;;http://www.szeremle.hu;1 225;6;new;
HU;Szigetbecse;hu;szigetbecse@szigetbecse.hu;;http://www.szigetbecse.hu;1 429;6;new;data/letters_danube/HU-Szigetbecse.txt
HU;Szigetcsép;hu;;;https://szigetcsep.hu/;2 821;6;new;
HU;Szigethalom;hu;;;http://www.szigethalom.hu;18 382;6;new;
HU;Szigetmonostor;hu;faluhaz@szigetmonostor.hu;;http://www.szigetmonostor.hu;2 991;6;new;data/letters_danube/HU-Szigetmonostor.txt
HU;Szigetszentmárton;hu;;;http://www.szigetszentmarton.hu;2 659;6;new;
HU;Szigetújfalu;hu;;;http://www.szigetujfalu.hu;2 139;6;new;
HU;Szob;hu;;;https://szob.hu/;2 488;6;new;
HU;Százhalombatta;hu;;;http://www.szazhalombatta.hu;18 115;6;new;
HU;Sződliget;hu;hivatal@szodliget.hu;;http://www.szodliget.hu;4 915;6;new;data/letters_danube/HU-Sződliget.txt
HU;Sükösd;hu;;;https://www.sukosd.hu/;3 334;6;new;
HU;Süttő;hu;jegyzo@sutto.hu;;http://www.sutto.hu;2 005;6;new;data/letters_danube/HU-Süttő.txt
HU;Tahitótfalu;hu;tahitotfalu@tahitotfalu.hu;;http://www.tahitotfalu.hu;6 358;6;new;data/letters_danube/HU-Tahitótfalu.txt
HU;Taksony;hu;;;http://www.taksony.hu;6 815;6;new;
HU;Tass;hu;onkormanyzat@tass.hu;;https://tass.hu/;2 836;6;new;data/letters_danube/HU-Tass.txt
HU;Tokod;hu;jegyzo@tokod.hu;;http://www.tokod.hu;4 255;6;new;data/letters_danube/HU-Tokod.txt
HU;Tát;hu;visz@nvi.hu;;http://www.tat.hu;5 116;6;new;data/letters_danube/HU-Tát.txt
HU;Tököl;hu;hivatal@tokol.hu;;https://www.tokol.hu/;11 253;6;new;data/letters_danube/HU-Tököl.txt
HU;Uszód;hu;jegyzo@uszod.hu;;https://uszod.hu/;816;6;new;data/letters_danube/HU-Uszód.txt
HU;Verőce;hu;;;https://www.veroce.hu/;4 146;6;new;
HU;Visegrád;hu;jegyzo@visegrad.hu;;https://www.visegrad.hu/;1 775;6;new;data/letters_danube/HU-Visegrád.txt
HU;Vének;hu;polgarmester@venek.hu;;https://www.venek.hu/;192;6;new;data/letters_danube/HU-Vének.txt
HU;Zebegény;hu;titkarsag@zebegeny.hu;;https://www.zebegeny.hu/;1 307;6;new;data/letters_danube/HU-Zebegény.txt
HU;Ács;hu;titkarsag@acsvaros.hu;;http://www.acs-varos.hu;6 920;6;new;data/letters_danube/HU-Ács.txt
HU;Áporka;hu;;;http://www.aporka.hu;1 262;6;new;
HU;Ásványráró;hu;polgarmesterihivatal@asvanyraro.hu;;http://www.asvanyraro.hu/;2 170;6;new;data/letters_danube/HU-Ásványráró.txt
HU;Érsekcsanád;hu;;;https://ersekcsanad.hu/;2 756;6;new;
HU;Öttevény;hu;onkormanyzat@otteveny.hu;;http://www.otteveny.hu/;2 908;6;new;data/letters_danube/HU-Öttevény.txt
HU;Őcsény;hu;;;http://www.ocseny.hu/;2 149;6;new;
RO;Brăila;ro;pmb@pmbr.ro;+40-239694947;http://www.primariabraila.ro/;154 686;6;new;data/letters_danube/RO-Brăila.txt
RO;Călărași;ro;office@primariacalarasi.ro;+40-242311005;http://www.primariacalarasi.ro;58 211;6;new;data/letters_danube/RO-Călărași.txt
RO;Drobeta-Turnu Severin;ro;primaria@primariadrobeta.ro;+40-252314379;https://primariadrobeta.ro/;79 865;6;new;data/letters_danube/RO-Drobeta-Turnu_Severin.txt
RO;Fetești;ro;contact@primariafetesti.ro;+40-243364410;http://www.primariafetesti.ro/;27 465;6;new;data/letters_danube/RO-Fetești.txt
RO;Galați;ro;info544@primariagalati.ro;+40-236307700;https://www.primariagalati.ro;217 851;6;new;data/letters_danube/RO-Galați.txt
RO;Giurgiu;ro;primarie@primariagiurgiu.ro;+40-246215631;http://www.primariagiurgiu.ro;54 551;6;new;data/letters_danube/RO-Giurgiu.txt
RO;Oltenița;ro;contact@primariaoltenita.ro;+40-242515182;http://www.primariaoltenita.ro/;22 624;6;new;data/letters_danube/RO-Oltenița.txt
RO;Tulcea;ro;contact@primariatulcea.ro;;http://www.primaria-tulcea.ro/;65 624;6;new;data/letters_danube/RO-Tulcea.txt
RO;Aliman;ro;secretariat@primaria-aliman.ro;+40-241856207;http://www.primaria-aliman.ro/;2 434;5;new;data/letters_danube/RO-Aliman.txt
RO;Bechet;ro;bechet@cjdolj.ro;+40-251336826;http://primariabechet.ro/;4 355;5;new;data/letters_danube/RO-Bechet.txt
RO;Berteștii de Jos;ro;bertestiidejos@br.e-adm.ro;+40-239699909;http://www.portal-braila.ro/Primarii/Bertestii_de_Jos/index.php;2 929;5;new;data/letters_danube/RO-Berteștii_de_Jos.txt
RO;Berzasca;ro;berzeasca_cs@yahoo.com;+40-255545601;http://www.ghidulprimariilor.ro/business.php/PRIMARIA-BERZASCA/44032/;2 132;5;new;data/letters_danube/RO-Berzasca.txt
RO;Beștepe;ro;primaria.bestepe@yahoo.com;+40-240545334;http://www.primariaonline.ro/primarii/Tulcea/index.php?primarie=943;1 510;5;new;data/letters_danube/RO-Beștepe.txt
RO;Bistreț;ro;primariabistret@gmail.com;+40-251355011;http://www.primariabistret.ro/;4 211;5;new;data/letters_danube/RO-Bistreț.txt
RO;Borcea;ro;primariaborcea@yahoo.co.uk;+40-242340063;http://www.primariaborcea.ro/;7 219;5;new;data/letters_danube/RO-Borcea.txt
RO;Bordușani;ro;primaria.bordusani@yahoo.com;+40-243311508;;4 414;5;new;data/letters_danube/RO-Bordușani.txt
RO;Bragadiru;ro;;+40-24733520;;3 327;5;new;
RO;Burila Mare;ro;consiliullocalburilamare@yahoo.com;+40-252357401;https://primariaburilamare.ro/;1 894;5;new;data/letters_danube/RO-Burila_Mare.txt
RO;Calafat;ro;primariacalafat@yahoo.com;+40-251231424;http://www.municipiulcalafat.ro/;13 807;5;new;data/letters_danube/RO-Calafat.txt
RO;Catane;ro;achizitii.catane@yahoo.com;+40-251319698;https://primaria-catane.ro/;1 959;5;new;data/letters_danube/RO-Catane.txt
RO;Ceatalchioi;ro;primariaceatalchioi@gmail.com;+40-371034711;http://primaria-ceatalchioi.ro;531;5;new;data/letters_danube/RO-Ceatalchioi.txt
RO;Cernavodă;ro;primaria@cernavoda.ro;+40-241487108;http://www.primaria-cernavoda.ro/;15 088;5;new;data/letters_danube/RO-Cernavodă.txt
RO;Cetate;ro;primaria@primaria-cetate.ro;+40-263271419;http://www.primariacetate.ro/;4 572;5;new;data/letters_danube/RO-Cetate.txt
RO;Chirnogi;ro;prim_chirnogi@yahoo.com;+40-242524239;http://primariachirnogi.ro;6 629;5;new;data/letters_danube/RO-Chirnogi.txt
RO;Chiscani;ro;primariachiscani@yahoo.com;+40-239664011;http://www.portal-braila.ro/Primarii/Chiscani/index.php;6 151;5;new;data/letters_danube/RO-Chiscani.txt
RO;Chiselet;ro;primariachiselet@yahoo.com;+40-242521023;https://primariachiselet.ro/;3 104;5;new;data/letters_danube/RO-Chiselet.txt
RO;Ciocănești;ro;primaria@primaria-ciocanesti.ro;+40-242337305;;3 804;5;new;data/letters_danube/RO-Ciocănești.txt
RO;Ciuperceni;ro;primariaciuperceni@yahoo.com;+40-247419590;;1 350;5;new;data/letters_danube/RO-Ciuperceni.txt
RO;Ciupercenii Noi;ro;ciuperceniinoi_comuna@yahoo.ro;+40-251321002;;5 003;5;new;data/letters_danube/RO-Ciupercenii_Noi.txt
RO;Corabia;ro;primariacorabia@yahoo.com;+40-249560703;http://www.primariacorabia.ro;13 527;5;new;data/letters_danube/RO-Corabia.txt
RO;Coronini;ro;primariacoronini@yahoo.com;+40-255544115;http://primariacoronini.ro/;1 514;5;new;data/letters_danube/RO-Coronini.txt
RO;Crișan;ro;primariacrisan@gmail.com;+40-240547057;http://www.primariacrisan.paginadestart.com/;1 092;5;new;data/letters_danube/RO-Crișan.txt
RO;Crucea;ro;primaria@crucea.judetul-constanta.ro;+40-241874703;http://www.primaria-crucea.ro/;3 010;5;new;data/letters_danube/RO-Crucea.txt
RO;Cuza Vodă;ro;primariacuzavodacalarasi@gmail.com;+40-242339426;http://www.primariacuzavoda.ro/;4 116;5;new;data/letters_danube/RO-Cuza_Vodă.txt
RO;Cârna;ro;carna_dunareni@cjdolj.ro;+40-251256824;;1 110;5;new;data/letters_danube/RO-Cârna.txt
RO;Călărași;ro;primaria_calarasi@yahoo.com;+40-251379052;;5 195;5;new;data/letters_danube/RO-Călărași.txt
RO;Desa;ro;secretariat@primariadesa.ro;+40-251322496;;4 609;5;new;data/letters_danube/RO-Desa.txt
RO;Devesel;ro;comunadevesel@gmail.com;+40-252353257;;3 029;5;new;data/letters_danube/RO-Devesel.txt
RO;Dichiseni;ro;primaria.dichiseni@yahoo.ro;+40-242313637;http://www.primariadichiseni.ro/;1 641;5;new;data/letters_danube/RO-Dichiseni.txt
RO;Dorobanțu;ro;primăriadorobantu@yahoo.com;+40-242335103;https://primariadorobantu.ro/;2 749;5;new;data/letters_danube/RO-Dorobanțu.txt
RO;Dubova;ro;contact@primariadubova.ro;+40-252368002;https://primariadubova.ro/;716;5;new;data/letters_danube/RO-Dubova.txt
RO;Dăbuleni;ro;primariadabuleni@gmail.com;+40-251334555;http://www.primariadabuleni.ro/;10 333;5;new;data/letters_danube/RO-Dăbuleni.txt
RO;Eșelnița;ro;consiliullocaleselnita@yahoo.com;+40-252365070;;2 639;5;new;data/letters_danube/RO-Eșelnița.txt
RO;Fântânele;ro;office@primariafantanele.ro;+40-247451082;;1 305;5;new;data/letters_danube/RO-Fântânele.txt
RO;Făcăeni;ro;clfacaeni@yahoo.com;+40-243313330;http://www.primariafacaeni.ro/;4 899;5;new;data/letters_danube/RO-Făcăeni.txt
RO;Ghidici;ro;primaria.ghidici@yahoo.ro;+40-251323352;http://www.primariaghidici.ro/;2 437;5;new;data/letters_danube/RO-Ghidici.txt
RO;Ghindărești;ro;ghindaresti_pri@yahoo.com;+40-241873099;http://comunaghindaresti.ro;2 557;5;new;data/letters_danube/RO-Ghindărești.txt
RO;Gighera;ro;gighera@cjdolj.ro;+40-251353011;http://www.comunagighera.ro/;2 899;5;new;data/letters_danube/RO-Gighera.txt
RO;Giurgeni;ro;comunagiurgeni@gmail.com;+40-243277010;http://www.giurgeni.go.ro/;1 223;5;new;data/letters_danube/RO-Giurgeni.txt
RO;Gogoșu;ro;contact@primaria-gogosu.ro;+40-252357228;https://primaria-gogosu.ro/;3 910;5;new;data/letters_danube/RO-Gogoșu.txt
RO;Gostinu;ro;PRIMARIAGOSTINU@YAHOO.COM;+40-246229141;http://primariagostinu.ro/;1 578;5;new;data/letters_danube/RO-Gostinu.txt
RO;Grindu;ro;primaria.grindu@yahoo.com;+40-340501001;http://grindu.romclub.ro;1 271;5;new;data/letters_danube/RO-Grindu.txt
RO;Grojdibodu;ro;primaria_grojdibodu@yahoo.com;+40-249536001;;2 373;5;new;data/letters_danube/RO-Grojdibodu.txt
RO;Gropeni;ro;primariagropeni@gmail.com;+40-239639944;http://www.portal-braila.ro/Primarii/Gropeni/index.php;3 022;5;new;data/letters_danube/RO-Gropeni.txt
RO;Gruia;ro;clgruiamehedinti@yahoo.com;+40-252394001;https://comunagruia.ro/;2 824;5;new;data/letters_danube/RO-Gruia.txt
RO;Grădiștea;ro;primaria@primariagradistea.ro;+40-242336017;http://www.primariagradistea.ro/;4 499;5;new;data/letters_danube/RO-Grădiștea.txt
RO;Gura Padinii;ro;gprimarie@yahoo.com;+40-249536920;;1 539;5;new;data/letters_danube/RO-Gura_Padinii.txt
RO;Gârcov;ro;primariagarcov@yahoo.com;+40-249519501;http://www.primariagarcov.ro/;2 047;5;new;data/letters_danube/RO-Gârcov.txt
RO;Gârla Mare;ro;;+40-252393012;https://primariagarlamare.ro/;3 300;5;new;
RO;Găujani;ro;primaria.gaujani@yahoo.com;+40-246250822;http://www.primariagaujani.ro/;2 223;5;new;data/letters_danube/RO-Găujani.txt
RO;Hinova;ro;clhinova@yahoo.ro;+40-252354288;https://comunahinova.ro/;2 526;5;new;data/letters_danube/RO-Hinova.txt
RO;Horia;ro;primariahoriact@yahoo.com;+40-241257750;https://comunahoria.ro/;942;5;new;data/letters_danube/RO-Horia.txt
RO;Hârșova;ro;secretariat@primaria-harsova.ro;+40-241870300;http://www.primaria-harsova.ro/;8 737;5;new;data/letters_danube/RO-Hârșova.txt
RO;I.C. Brătianu;ro;primaria_icbratianu@yahoo.com;+40-240573134;http://www.icbratianu.ro;1 143;5;new;data/letters_danube/RO-I_C_Brătianu.txt
RO;Ianca;ro;c_ianca@yahoo.com;+40-249537005;http://www.comunaianca.ro/;3 232;5;new;data/letters_danube/RO-Ianca.txt
RO;Ilovița;ro;primaria@primariailovita.ro;+40-252216451;http://www.primariailovita.ro/home;1 238;5;new;data/letters_danube/RO-Ilovița.txt
RO;Ion Corvin;ro;comuna@primariaioncorvin.ro;+40-241856200;http://www.primaria-ioncorvin.ro/;1 715;5;new;data/letters_danube/RO-Ion_Corvin.txt
RO;Isaccea;ro;secretariatisaccea@gmail.com;+40-240506600;https://isaccea.ro;4 408;5;new;data/letters_danube/RO-Isaccea.txt
RO;Islaz;ro;primariaislaz@yahoo.com;+40-247420206;http://islaztr.ro/;4 256;5;new;data/letters_danube/RO-Islaz.txt
RO;Jegălia;ro;primariajegalia@yahoo.com;+40-242342021;http://www.primariajegalia.ro/;3 858;5;new;data/letters_danube/RO-Jegălia.txt
RO;Jijila;ro;prmrjijila@yahoo.com;+40-240550024;http://www.comunajijila.ro;4 834;5;new;data/letters_danube/RO-Jijila.txt
RO;Lipnița;ro;secretariat@primaria-lipnita.ro;+40-241856545;http://www.primaria-lipnita.ro/;2 876;5;new;data/letters_danube/RO-Lipnița.txt
RO;Lisa;ro;lissa_tr@yahoo.com;+40-247360703;;1 964;5;new;data/letters_danube/RO-Lisa.txt
RO;Luncavița;ro;primaria@comunaluncavita.ro;+40-743026807;http://www.luncavita.ro/;3 536;5;new;data/letters_danube/RO-Luncavița.txt
RO;Maglavit;ro;maglavit@ymail.com;+40-251328546;http://maglavit.info.ro/?page_id=8;3 938;5;new;data/letters_danube/RO-Maglavit.txt
RO;Mahmudia;ro;primaria@mahmudia.ro;+40-240545543;http://www.mahmudia.ro/;2 163;5;new;data/letters_danube/RO-Mahmudia.txt
RO;Maliuc;ro;primaria.maliuc@yahoo.com;+40-240546543;http://www.maliuc.ro/;813;5;new;data/letters_danube/RO-Maliuc.txt
RO;Malu;ro;clmalugr@yahoo.com;+40-246241106;http://primaria-malu.ro/;2 056;5;new;data/letters_danube/RO-Malu.txt
RO;Modelu;ro;primarie@primariamodelu.ro;+40-242312553;http://www.primariamodelu.ro/;10 052;5;new;data/letters_danube/RO-Modelu.txt
RO;Moldova Nouă;ro;contact@primariamoldovanoua.ro;+40-255540997;http://www.moldova-noua.ro/;9 278;5;new;data/letters_danube/RO-Moldova_Nouă.txt
RO;Murighiol;ro;contact@primaria-murighiol.ro;+40-240545969;http://www.primariamurighiol.paginadestart.com;2 959;5;new;data/letters_danube/RO-Murighiol.txt
RO;Mânăstirea;ro;manastirea_primaria@yahoo.com;+40-242520018;https://www.comunamanastirea.ro;5 137;5;new;data/letters_danube/RO-Mânăstirea.txt
RO;Măceșu de Jos;ro;primariamacesudejos@yahoo.com;+40-251354507;https://primariamacesudejos.ro/;1 172;5;new;data/letters_danube/RO-Măceșu_de_Jos.txt
RO;Mărașu;ro;primariamarasu@yahoo.com;+40-239696706;http://www.portal-braila.ro/Primarii/Marasu/index.php;2 236;5;new;data/letters_danube/RO-Mărașu.txt
RO;Negoi;ro;comuna.negoi@yahoo.ro;+40-251325088;;2 298;5;new;data/letters_danube/RO-Negoi.txt
RO;Nufăru;ro;office@primarianufaru.ro;+40-240549054;http://www.primarianufaru.ro;2 644;5;new;data/letters_danube/RO-Nufăru.txt
RO;Năsturelu;ro;primarianasturelu@yahoo.com;+40-247368807;;2 248;5;new;data/letters_danube/RO-Năsturelu.txt
RO;Oinacu;ro;primariaoinacugr@gmail.com;+40-246239143;https://www.primariaoinacu.ro/;3 937;5;new;data/letters_danube/RO-Oinacu.txt
RO;Oltina;ro;primaria@comunaoltina.ro;+40-241851852;https://comunaoltina.ro/;2 241;5;new;data/letters_danube/RO-Oltina.txt
RO;Orlea;ro;primariaorlea@yahoo.com;+40-249536569;http://www.ghidulprimariilor.ro/business.php/PRIMARIA-ORLEA/107198/;1 917;5;new;data/letters_danube/RO-Orlea.txt
RO;Orșova;ro;primariaorsova@primariaorsova.ro;+40-372764195;http://www.primariaorsova.ro/;8 506;5;new;data/letters_danube/RO-Orșova.txt
RO;Ostrov;ro;primariaostrov@yahoo.com;+40-241857010;https://www.ostrov.judetul-constanta.ro/;4 586;5;new;data/letters_danube/RO-Ostrov.txt
RO;Ostroveni;ro;comunaostroveni@yahoo.com;+40-251337366;;4 451;5;new;data/letters_danube/RO-Ostroveni.txt
RO;Pietroșani;ro;prinpietrosani@yahoo.com;+40-247334402;http://primariapietrosani.ro/;2 407;5;new;data/letters_danube/RO-Pietroșani.txt
RO;Piscu Vechi;ro;primariapiscuvechi@yahoo.com;+40-251323002;http://primariapiscuvechi.ro/;2 370;5;new;data/letters_danube/RO-Piscu_Vechi.txt
RO;Poiana Mare;ro;poiana_mare@cjdolj.ro;+40-251235048;http://www.poianamare.ro;9 047;5;new;data/letters_danube/RO-Poiana_Mare.txt
RO;Pojejena;ro;primariapojejena@yahoo.com;+40-255544355;http://www.primariapojejena.ro;2 488;5;new;data/letters_danube/RO-Pojejena.txt
RO;Pristol;ro;primariapristol@pejmh.ro;+40-252394502;https://www.primariapristol.ro/;1 254;5;new;data/letters_danube/RO-Pristol.txt
RO;Prundu;ro;primaria_prundu@yahoo.com;+40-246245117;http://prundu.infoprimarie.ro/;3 707;5;new;data/letters_danube/RO-Prundu.txt
RO;Rasova;ro;contact@primaria-rasova.ro;+40-769052946;https://www.primaria-rasova.ro/;3 347;5;new;data/letters_danube/RO-Rasova.txt
RO;Rast;ro;rast@cjdolj.ro;+40-251324001;https://primaria-rast.ro/;3 198;5;new;data/letters_danube/RO-Rast.txt
RO;Rogova;ro;CLROGOVA@SEJMH.RO;+40-252353001;https://www.comunarogova.ro/;1 248;5;new;data/letters_danube/RO-Rogova.txt
RO;Roseți;ro;primariaroseti@yahoo.com;+40-242344017;http://comunaroseti.ro/;6 017;5;new;data/letters_danube/RO-Roseți.txt
RO;Salcia;ro;comunasalcia_mh@yahoo.ro;+40-252391603;https://salciamh.ro/;2 416;5;new;data/letters_danube/RO-Salcia.txt
RO;Seaca;ro;primaria_seaca@yahoo.com;+40-247420850;;2 212;5;new;data/letters_danube/RO-Seaca.txt
RO;Seimeni;ro;primariaseimeni@yahoo.co.uk;+40-241239174;http://www.primaria-seimeni.ro/;1 872;5;new;data/letters_danube/RO-Seimeni.txt
RO;Sfântu Gheorghe;ro;primaria_sf.gheorghe_delta@yahoo.com;+40-371337460;https://www.primariasfantugheorghetulcea.ro/;639;5;new;data/letters_danube/RO-Sfântu_Gheorghe.txt
RO;Sichevița;ro;sichevitap@yahoo.com;+40-255545005;;1 891;5;new;data/letters_danube/RO-Sichevița.txt
RO;Slobozia;ro;primariaslobozia@yahoo.com;+40-246242089;http://primariaslobozia.ro/;2 251;5;new;data/letters_danube/RO-Slobozia.txt
RO;Smârdan;ro;secretar@primariasmirdan.ro;+40-240571848;http://www.primariasmirdan.ro/;960;5;new;data/letters_danube/RO-Smârdan.txt
RO;Socol;ro;primariasocol@yahoo.com;+40-25554484;;1 602;5;new;data/letters_danube/RO-Socol.txt
RO;Somova;ro;primaria.somova@yahoo.com;+40-240541059;http://somova.romclub.ro/;4 878;5;new;data/letters_danube/RO-Somova.txt
RO;Spanțov;ro;primariaspantov@gmail.com;+40-242522148;http://www.comunaspantov.ro/;4 595;5;new;data/letters_danube/RO-Spanțov.txt
RO;Stelnica;ro;primaria.stelnica@yahoo.com;+40-243361785;http://www.primaria-stelnica.ro;1 649;5;new;data/letters_danube/RO-Stelnica.txt
RO;Stăncuța;ro;stancutaprimaria@yahoo.com;+40-239665682;http://www.portal-braila.ro/Primarii/Stancuta/index.php;2 950;5;new;data/letters_danube/RO-Stăncuța.txt
RO;Suhaia;ro;contact@primariasuhaia.ro;+40-247451100;;1 879;5;new;data/letters_danube/RO-Suhaia.txt
RO;Sulina;ro;sulina_prim@yahoo.com;+40-240543001;https://primaria-sulina.ro;3 118;5;new;data/letters_danube/RO-Sulina.txt
RO;Svinița;ro;primariasvinita@yahoo.com;+40-374018097;http://www.primariasvinita.ro/;741;5;new;data/letters_danube/RO-Svinița.txt
RO;Tichilești;ro;primariatichilesti@yahoo.com;+40-239664590;http://www.primariatichilesti.ro;3 419;5;new;data/letters_danube/RO-Tichilești.txt
RO;Topalu;ro;secretariat@comunatopalu.ro;+40-241256002;https://comunatopalu.ro/;1 517;5;new;data/letters_danube/RO-Topalu.txt
RO;Traian;ro;primariatraiantr@yahoo.com;+40-247420613;;1 421;5;new;data/letters_danube/RO-Traian.txt
RO;Turnu Măgurele;ro;primaria@municipiulturnumagurele.ro;+40-247416452;http://www.municipiulturnumagurele.ro/;19 597;5;new;data/letters_danube/RO-Turnu_Măgurele.txt
RO;Unirea;ro;primariaunireacalarasi@yahoo.com;+40-242343028;http://www.primaria-unirea.ro/;2 531;5;new;data/letters_danube/RO-Unirea.txt
RO;Vedea;ro;clvedeagr@yahoo.com;+40-246240120;http://www.primariavedea.ro/;2 540;5;new;data/letters_danube/RO-Vedea.txt
RO;Vlădeni;ro;primariavladeniil@gmail.com;+40-243313631;http://www.vladeni.go.ro/;1 870;5;new;data/letters_danube/RO-Vlădeni.txt
RO;Vrata;ro;contact@primariavrata.ro;+40-252393435;https://www.primariavrata.ro/;1 977;5;new;data/letters_danube/RO-Vrata.txt
RO;Vădeni;ro;office@vadeni.ro;+40-239697664;http://www.vadeni.ro;3 700;5;new;data/letters_danube/RO-Vădeni.txt
RO;Zimnicea;ro;primaria@orasulzimnicea.ro;+40-247366431;https://orasulzimnicea.ro/;12 589;5;new;data/letters_danube/RO-Zimnicea.txt
RO;Șimian;ro;clsimianmh@gmail.com;+40-252338693;https://www.primaria-simian.ro/;10 021;5;new;data/letters_danube/RO-Șimian.txt
