країна;місто;мова;e-mail;пошта мера;мер;телефон;сайт;населення;пріоритет;примітка;статус
AT;Wien;de;stadtservice@post.wien.gv.at;;;;https://www.wien.gv.at/;2 028 289;5;місто понад 100 тис. мешканців;new
AT;Graz;de;stadtverwaltung@stadt.graz.at;;Elke Kahr;;https://www.graz.at/;306 971;4;місто понад 100 тис. мешканців;new
AT;Innsbruck;de;kontakt@innsbruck.gv.at;buergermeister@innsbruck.gv.at;Johannes Anzengruber;;https://www.innsbruck.at/;132 499;4;місто понад 100 тис. мешканців;new
AT;Klagenfurt;de;info@klagenfurt.at;;Christian Scheider;;https://www.klagenfurt.at;101 403;4;місто понад 100 тис. мешканців;new
AT;Linz;de;info@mag.linz.at;;Dietmar Prammer;;https://www.linz.at/;211 944;4;місто понад 100 тис. мешканців;new
AT;Salzburg;de;post@salzburg.gv.at;;Bernhard Auinger;;https://www.stadt-salzburg.at/;155 021;4;місто понад 100 тис. мешканців;new
BE;Antwerpen;en;info@antwerpen.be;burgemeester@antwerpen.be;Els van Doesburg;+32-3-22-11-333;https://www.antwerpen.be/en;529 247;3;місто понад 100 тис. мешканців;new
BE;Anderlecht;en;info@anderlecht.brussels;;Fabrice Cumps;+32-2-558-08-00;https://www.anderlecht.be/;120 887;2;місто понад 100 тис. мешканців;new
BE;Brugge;en;info@brugge.be;burgemeester@brugge.be;Dirk De fauw;+32-50-44-80-00;https://www.brugge.be/;118 509;2;місто понад 100 тис. мешканців;new
BE;Brussel;en;;philippe.close@bruxelles.be;Philippe Close;+32-2-279-22-11;https://www.bruxelles.be/;195 546;2;місто понад 100 тис. мешканців;new
BE;Gent;en;gentinfo@stad.gent;burgemeester@stad.gent;Mathias De Clercq;+32-9-210-10-10;https://stad.gent/;272 657;2;місто понад 100 тис. мешканців;new
BE;Leuven;en;info@leuven.be;;Mohamed Ridouani;+32-16-27-20-00;https://www.leuven.be;101 032;2;місто понад 100 тис. мешканців;new
BE;Luik;en;;;Willy Demeyer;+32-4-221-81-11;https://www.liege.be;195 278;2;місто понад 100 тис. мешканців;new
BE;Namen;en;information@ville.namur.be;;Maxime Prévot;+32-81-24-62-46;https://www.namur.be/;115 330;2;місто понад 100 тис. мешканців;new
DE;Berlin;de;;;Kai Wegner;;https://www.berlin.de/;3 700 577;4;місто понад 100 тис. мешканців;new
DE;Bremen;de;;;Andreas Bovenschulte;;https://www.bremen.de/;588 413;4;місто понад 100 тис. мешканців;new
DE;Dortmund;de;agentur@dortmund.de;oberbuergermeister@dortmund.de;Alexander Kalouti;;https://www.dortmund.de/;600 880;4;місто понад 100 тис. мешканців;new
DE;Dresden;de;poststelle@dresden.de;oberbuergermeister@dresden.de;Dirk Hilbert;;https://www.dresden.de/;562 764;4;місто понад 100 тис. мешканців;new
DE;Duisburg;de;info@stadt-duisburg.de;;Sören Link;;https://duisburg.de;500 810;4;місто понад 100 тис. мешканців;new
DE;Düsseldorf;de;;stephan.keller@duesseldorf.de;Stephan Keller;;https://www.duesseldorf.de/;619 444;4;місто понад 100 тис. мешканців;new
DE;Essen;de;info@essen.de;;Thomas Kufen;;https://www.essen.de/;573 618;4;місто понад 100 тис. мешканців;new
DE;Frankfurt am Main;de;;;Mike Josef;;https://frankfurt.de;760 656;4;місто понад 100 тис. мешканців;new
DE;Freie Hansestadt Bremen;de;;;Andreas Bovenschulte;;https://www.bremen.de/;693 204;4;місто понад 100 тис. мешканців;new
DE;Hamburg;de;info-office@hamburg.de;;Peter Tschentscher;;https://www.hamburg.de/;1 869 473;4;місто понад 100 тис. мешканців;new
DE;Hannover;de;redaktion@hannover.de;;Belit Onay;;https://www.hannover.de/;522 803;4;місто понад 100 тис. мешканців;new
DE;Köln;de;;;Torsten Burmester;;https://www.stadt-koeln.de/;1 025 523;4;місто понад 100 тис. мешканців;new
DE;Leipzig;de;info@leipzig.de;oberbuergermeister@leipzig.de;Burkhard Jung;;https://www.leipzig.de/;615 932;4;місто понад 100 тис. мешканців;new
DE;München;de;rathaus@muenchen.de;ob@muenchen.de;;+49-89-2330;https://stadt.muenchen.de/rathaus.html;1 505 036;4;місто понад 100 тис. мешканців;new
DE;Nürnberg;de;;;Marcus König;;https://www.nuernberg.de/;531 159;4;місто понад 100 тис. мешканців;new
DE;Stuttgart;de;post@stuttgart.de;;Frank Nopper;+49-711-2160;https://www.stuttgart.de/;609 365;4;місто понад 100 тис. мешканців;new
DE;Aachen;de;stadt.aachen@mail.aachen.de;oberbuergermeister@mail.aachen.de;Michael Ziemons;;https://www.aachen.de/;263 703;3;місто понад 100 тис. мешканців;new
DE;Augsburg;de;augsburg@augsburg.de;;;;https://www.augsburg.de/;301 786;3;місто понад 100 тис. мешканців;new
DE;Bergisch Gladbach;de;buergermeister@stadt-gl.de;buergermeister@stadt-gl.de;Marcel Kreutz;;https://www.bergischgladbach.de/;111 174;3;місто понад 100 тис. мешканців;new
DE;Bielefeld;de;posteingang@bielefeld.de;oberbuergermeister@bielefeld.de;;;https://www.bielefeld.de/;331 419;3;місто понад 100 тис. мешканців;new
DE;Bochum;de;info@bochum.de;oberbuergermeister@bochum.de;Jörg Lukat;;https://www.bochum.de/;358 880;3;місто понад 100 тис. мешканців;new
DE;Bonn;de;;;Guido Déus;;https://www.bonn.de/;323 587;3;місто понад 100 тис. мешканців;new
DE;Bottrop;de;;;Matthias Buschfeld;;https://www.bottrop.de/;118 482;3;місто понад 100 тис. мешканців;new
DE;Braunschweig;de;;thorsten.kornblum@braunschweig.de;Thorsten Kornblum;;https://www.braunschweig.de/;252 811;3;місто понад 100 тис. мешканців;new
DE;Bremerhaven;de;stadtverwaltung@magistrat.bremerhaven.de;buergermeister@magistrat.bremerhaven.de;Melf Grantz;;https://www.bremerhaven.de/;118 502;3;місто понад 100 тис. мешканців;new
DE;Chemnitz;de;;;Sven Schulze;;https://www.chemnitz.de/;247 252;3;місто понад 100 тис. мешканців;new
DE;Darmstadt;de;info@darmstadt.de;;Jochen Partsch;;https://www.darmstadt.de/;168 253;3;місто понад 100 тис. мешканців;new
DE;Erfurt;de;;;Andreas Horn;;https://www.erfurt.de/;217 159;3;місто понад 100 тис. мешканців;new
DE;Erlangen;de;ob@stadt.erlangen.de;ob@stadt.erlangen.de;Florian Janik;;https://www.erlangen.de/;116 450;3;місто понад 100 тис. мешканців;new
DE;Freiburg im Breisgau;de;buergerberatung@freiburg.de;;Martin Horn;+49-761-2010;https://www.freiburg.de/;238 299;3;місто понад 100 тис. мешканців;new
DE;Fürth;de;;thomas.jung@fuerth.de;Thomas Jung;;https://www.fuerth.de;131 344;3;місто понад 100 тис. мешканців;new
DE;Gelsenkirchen;de;stadt@gelsenkirchen.de;oberbuergermeisterin@gelsenkirchen.de;Andrea Henze;;https://www.gelsenkirchen.de/;266 199;3;місто понад 100 тис. мешканців;new
DE;Göttingen;de;;;Petra Broistedt;;https://www.goettingen.de/;130 521;3;місто понад 100 тис. мешканців;new
DE;Hagen;de;;;Dennis Rehbein;;https://www.hagen.de/;189 983;3;місто понад 100 тис. мешканців;new
DE;Halle (Saale);de;amtsblatt@halle.de;ob@halle.de;Alexander Vogt;;https://halle.de/;226 186;3;місто понад 100 тис. мешканців;new
DE;Hamm;de;vps@stadt.hamm.de;;Marc Herter;;https://www.hamm.de/;179 108;3;місто понад 100 тис. мешканців;new
DE;Heidelberg;de;obhd@heidelberg.de;;Eckart Würzner;;https://www.heidelberg.de/cn/home.html;156 092;3;місто понад 100 тис. мешканців;new
DE;Heilbronn;de;posteingang@heilbronn.de;oberbuergermeister@heilbronn.de;Harry Mergel;;https://www.heilbronn.de/;132 516;3;місто понад 100 тис. мешканців;new
DE;Herne;de;pgp@herne.de;;Frank Dudda;;https://www.herne.de/;156 266;3;місто понад 100 тис. мешканців;new
DE;Ingolstadt;de;stadtverwaltung@ingolstadt.de;;Christian Scharpf;;https://www.ingolstadt.de/;140 799;3;місто понад 100 тис. мешканців;new
DE;Jena;de;info@jena.de;oberbuergermeister@jena.de;Thomas Nitzsche;;https://www.jena.de/;109 353;3;місто понад 100 тис. мешканців;new
DE;Kaiserslautern;de;stadt@kaiserslautern.de;oberbuergermeisterin@kaiserslautern.de;Beate Kimmel;;https://www.kaiserslautern.de/;100 247;3;місто понад 100 тис. мешканців;new
DE;Karlsruhe;de;;ob@karlsruhe.de;Frank Mentrup;;https://www.karlsruhe.de/;309 247;3;місто понад 100 тис. мешканців;new
DE;Kassel;de;servicecenter@kassel.de;;Sven Schoeller;;https://www.kassel.de/;196 799;3;місто понад 100 тис. мешканців;new
DE;Kiel;de;rathaus@kiel.de;;;;https://www.kiel.de/;251 842;3;місто понад 100 тис. мешканців;new
DE;Koblenz;de;internet@stadt.koblenz.de;;David Langner;;https://www.koblenz.de/;113 020;3;місто понад 100 тис. мешканців;new
DE;Krefeld;de;stadtservice@krefeld.de;oberbuergermeister@krefeld.de;Frank Meyer;;https://www.krefeld.de/;230 738;3;місто понад 100 тис. мешканців;new
DE;Leverkusen;de;;;Uwe Richrath;;https://www.leverkusen.de/;168 299;3;місто понад 100 тис. мешканців;new
DE;Ludwigshafen am Rhein;de;;oberbuergermeister@ludwigshafen.de;Klaus Blettner;;https://ludwigshafen.de;177 355;3;місто понад 100 тис. мешканців;new
DE;Lübeck;de;presse@luebeck.de;buergermeister@luebeck.de;Jan Lindenau;;https://www.luebeck.de/;217 061;3;місто понад 100 тис. мешканців;new
DE;Magdeburg;de;info@magdeburg.de;;Simone Borris;;https://www.magdeburg.de/;244 494;3;місто понад 100 тис. мешканців;new
DE;Mainz;de;;;Nino Haase;;https://www.mainz.de/;223 888;3;місто понад 100 тис. мешканців;new
DE;Mannheim;de;stadtverwaltung@mannheim.de;;Christian Specht;;https://www.mannheim.de/;319 536;3;місто понад 100 тис. мешканців;new
DE;Moers;de;info@moers.de;julia.zupancic@moers.de;Julia Zupancic;;https://www.moers.de/;101 298;3;місто понад 100 тис. мешканців;new
DE;Mönchengladbach;de;post@moenchengladbach.de;oberbuergermeister@moenchengladbach.de;Felix Heinrichs;;https://www.moenchengladbach.de/;267 176;3;місто понад 100 тис. мешканців;new
DE;Mülheim an der Ruhr;de;info@muelheim-ruhr.de;;Alfred Jutzi;;https://www.muelheim-ruhr.de/;171 674;3;місто понад 100 тис. мешканців;new
DE;Münster;de;post@stadt-muenster.de;oberbuergermeister@stadt-muenster.de;Tilman Fuchs;;https://www.stadt-muenster.de/;306 368;3;місто понад 100 тис. мешканців;new
DE;Neuss;de;vps@stadt.neuss.de;buergermeister@stadt.neuss.de;Reiner Breuer;;https://www.neuss.de/;153 767;3;місто понад 100 тис. мешканців;new
DE;Oberhausen;de;thorsten.berg@oberhausen.de;thorsten.berg@oberhausen.de;Thorsten Berg;;https://www.oberhausen.de/;213 178;3;місто понад 100 тис. мешканців;new
DE;Offenbach am Main;de;;;Felix Schwenke;;https://www.offenbach.de/;133 195;3;місто понад 100 тис. мешканців;new
DE;Oldenburg;de;servicecenter@stadt-oldenburg.de;buergermeister@stadt-oldenburg.de;Jürgen Krogmann;;https://www.oldenburg.de/;177 055;3;місто понад 100 тис. мешканців;new
DE;Osnabrück;de;buergeramt@osnabrueck.de;oberbuergermeisterin@osnabrueck.de;Katharina Pötter;;https://www.osnabrueck.de/;166 257;3;місто понад 100 тис. мешканців;new
DE;Paderborn;de;;;;;https://www.paderborn.de/;155 906;3;місто понад 100 тис. мешканців;new
DE;Pforzheim;de;hosting@jweiland.net;;Peter Boch;;https://www.pforzheim.de/;134 422;3;місто понад 100 тис. мешканців;new
DE;Potsdam;de;poststelle@rathaus.potsdam.de;oberbuergermeister@rathaus.potsdam.de;Noosha Aubel;;https://www.potsdam.de/;185 137;3;місто понад 100 тис. мешканців;new
DE;Recklinghausen;de;info@gkd-re.de;;Axel Tschersich;;https://www.recklinghausen.de/;114 851;3;місто понад 100 тис. мешканців;new
DE;Regensburg;de;;oberbuergermeister@regensburg.de;Thomas Burger;;https://www.regensburg.de/;151 517;3;місто понад 100 тис. мешканців;new
DE;Remscheid;de;;oberbuergermeister@remscheid.de;Sven Wolf;;https://www.remscheid.de/;113 333;3;місто понад 100 тис. мешканців;new
DE;Reutlingen;de;;;Thomas Keck;;https://www.reutlingen.de/;119 040;3;місто понад 100 тис. мешканців;new
DE;Rostock;de;ob@rostock.de;oberbuergermeister@rostock.de;Eva-Maria Kröger;;https://www.rostock.de/;204 929;3;місто понад 100 тис. мешканців;new
DE;Saarbrücken;de;stadt@saarbruecken.de;oberbuergermeister@saarbruecken.de;;;https://saarbruecken.de;182 859;3;місто понад 100 тис. мешканців;new
DE;Salzgitter;de;;;Frank Klingebiel;;https://www.salzgitter.de/;104 433;3;місто понад 100 тис. мешканців;new
DE;Siegen;de;;;Tristan Vitt;;https://www.siegen.de/;102 450;3;місто понад 100 тис. мешканців;new
DE;Solingen;de;post@solingen.de;;Daniel Flemm;;https://www.solingen.de/;164 621;3;місто понад 100 тис. мешканців;new
DE;Trier;de;;;Wolfram Leibe;;https://www.trier.de/;105 054;3;місто понад 100 тис. мешканців;new
DE;Ulm;de;;;Martin Ansbacher;;https://www.ulm.de/;130 288;3;місто понад 100 тис. мешканців;new
DE;Wiesbaden;de;wiesbaden.deredaktion@wicm.de;;Gert-Uwe Mende;;https://www.wiesbaden.de/;288 584;3;місто понад 100 тис. мешканців;new
DE;Wolfsburg;de;poststelle@stadt.wolfsburg.de;sekretariat.oberbuergermeister@stadt.wolfsburg.de;Dennis Weilmann;;https://www.wolfsburg.de/;129 813;3;місто понад 100 тис. мешканців;new
DE;Wuppertal;de;;;Miriam Scherff;;https://www.wuppertal.de/;357 243;3;місто понад 100 тис. мешканців;new
DE;Würzburg;de;info@wuerzburg.de;;Martin Heilig;;https://www.wuerzburg.de/;133 753;3;місто понад 100 тис. мешканців;new
IT;Genova;it;;segreteria.sindaco@comune.genova.it;Silvia Salis;;https://www.comune.genova.it/;558 745;3;місто понад 100 тис. мешканців;new
IT;Milano;it;;ufficio.sindaco@comune.milano.it;Giuseppe Sala;;https://www.comune.milano.it/;1 354 196;3;місто понад 100 тис. мешканців;new
IT;Napoli;it;;;Gaetano Manfredi;;https://www.comune.napoli.it/;913 462;3;місто понад 100 тис. мешканців;new
IT;Palermo;it;segnalazioneweb@comune.palermo.it;;Roberto Lagalla;;https://www.comune.palermo.it;630 167;3;місто понад 100 тис. мешканців;new
IT;Roma;it;segreteriaufficiostampa@comune.roma.it;poterisostitutivi.gabsindaco@comune.roma.it;Roberto Gualtieri;;https://www.comune.roma.it/;2 748 109;3;місто понад 100 тис. мешканців;new
IT;Torino;it;sindaco.lorusso@comune.torino.it;sindaco.lorusso@comune.torino.it;Chiara Appendino;;http://www.comune.torino.it/;841 600;3;місто понад 100 тис. мешканців;new
IT;Bergamo;it;;;Elena Carnevali;;https://www.comune.bergamo.it;119 534;2;місто понад 100 тис. мешканців;new
IT;Bolzano;it;urp@comune.bolzano.it;sindaco@comune.bolzano.it;Claudio Corrarati;;https://www.comune.bolzano.bz.it/;106 107;2;місто понад 100 тис. мешканців;new
IT;Catania;it;;sindaco@comune.catania.it;Enrico Trantino;;https://www.comune.catania.it/;311 584;2;місто понад 100 тис. мешканців;new
IT;Ferrara;it;urp@comune.fe.it;segreteriasindaco@comune.fe.it;;;http://comune.fe.it/;129 340;2;місто понад 100 тис. мешканців;new
IT;Firenze;it;;sindaco@comune.fi.it;Sara Funaro;;https://www.comune.fi.it/;360 930;2;місто понад 100 тис. мешканців;new
IT;Foggia;it;urp@comune.foggia.it;sindaco@comune.foggia.it;;;https://www.comune.foggia.it/;145 348;2;місто понад 100 тис. мешканців;new
IT;Forlì;it;urp@comune.forli.fc.it;sindaco@comune.forli.fc.it;Gian Luca Zattini;;http://www.comune.forli.fc.it;118 152;2;місто понад 100 тис. мешканців;new
IT;Giugliano in Campania;it;;segreteria.sindaco@comune.giugliano.na.it;;;https://www.comune.giugliano.na.it/;123 679;2;місто понад 100 тис. мешканців;new
IT;Latina;it;urp@comune.latina.it;segreteria.sindaco@comune.latina.it;;;https://www.comune.latina.it/;127 564;2;місто понад 100 тис. мешканців;new
IT;Livorno;it;;;Luca Salvetti;;https://www.visit-livorno.it/;152 914;2;місто понад 100 тис. мешканців;new
IT;Messina;it;protocollogenerale@comune.messina.it;;;;https://www.comune.messina.it/;218 786;2;місто понад 100 тис. мешканців;new
IT;Modena;it;piazzagrande@comune.modena.it;sindaco@comune.modena.it;;;https://www.comune.modena.it/;184 153;2;місто понад 100 тис. мешканців;new
IT;Monza;it;sportelloalcittadino@comune.monza.it;;Paolo Pilotto;;http://www.comune.monza.it;121 799;2;місто понад 100 тис. мешканців;new
IT;Novara;it;;;;;http://www.comune.novara.it/;101 257;2;місто понад 100 тис. мешканців;new
IT;Padova;it;;;;;https://www.comune.padova.it/;206 496;2;місто понад 100 тис. мешканців;new
IT;Parma;it;comunediparma@postemailcertificata.it;;;;https://www.comune.parma.it;196 764;2;місто понад 100 тис. мешканців;new
IT;Perugia;it;;;;;https://www.comune.perugia.it/;161 748;2;місто понад 100 тис. мешканців;new
IT;Pescara;it;;;Marco Alessandrini;;http://www.comune.pescara.it;118 657;2;місто понад 100 тис. мешканців;new
IT;Piacenza;it;urp@comune.piacenza.it;;;;https://www.comune.piacenza.it/;102 465;2;місто понад 100 тис. мешканців;new
IT;Prato;it;redazioneweb@comune.prato.it;;;;http://www.comune.prato.it/;195 736;2;місто понад 100 тис. мешканців;new
IT;Ravenna;it;;;Michele De Pascale;;https://www.comune.ra.it/;155 751;2;місто понад 100 тис. мешканців;new
IT;Reggio Calabria;it;;;;;http://www.reggiocal.it;170 951;2;місто понад 100 тис. мешканців;new
IT;Reggio Emilia;it;5e2cd928c0f94eb98c81bf3e7c94b68f@www.reggioemiliawelcome.it;;;;https://www.reggioemiliawelcome.it;169 545;2;місто понад 100 тис. мешканців;new
IT;Rimini;it;ufficiorette@comune.rimini.it;;Andrea Gnassi;;https://www.comune.rimini.it/;149 211;2;місто понад 100 тис. мешканців;new
IT;Salerno;it;;sindaco@comune.salerno.it;;;http://www.comune.salerno.it;127 186;2;місто понад 100 тис. мешканців;new
IT;Sassari;it;urp@comune.sassari.it;sindaco@comune.sassari.it;Nicola Sanna;;https://www.comune.sassari.it/;121 021;2;місто понад 100 тис. мешканців;new
IT;Siracusa;it;;sindaco@comune.siracusa.it;Francesco Italia;;https://www.comune.siracusa.it;115 515;2;місто понад 100 тис. мешканців;new
IT;Taranto;it;comunicazione.urp@comune.taranto.it;;;;http://www.comune.taranto.it/;188 098;2;місто понад 100 тис. мешканців;new
IT;Terni;it;stefano.bandecchi@comune.terni.it;;Leopoldo Di Girolamo;;http://www.comune.terni.it/;106 370;2;місто понад 100 тис. мешканців;new
IT;Trieste;it;;sindaco@comune.trieste.it;;;https://www.comune.trieste.it/;198 417;2;місто понад 100 тис. мешканців;new
IT;Venezia;it;;;Simone Venturini;;http://www.comune.venezia.it/;250 369;2;місто понад 100 тис. мешканців;new
IT;Verona;it;protocollo.informatico@comune.verona.it;;Damiano Tommasi;;https://www.comune.verona.it/;255 588;2;місто понад 100 тис. мешканців;new
IT;Vicenza;it;urp@comune.vicenza.it;;;;http://www.comune.vicenza.it;109 823;2;місто понад 100 тис. мешканців;new
NL;Amsterdam;en;;;Femke Halsema;;https://amsterdam.nl;921 468;4;місто понад 100 тис. мешканців;new
NL;Den Haag;en;ibdienstpost@denhaag.nl;;Jan van Zanen;+31070;https://www.denhaag.nl/;548 320;4;місто понад 100 тис. мешканців;new
NL;Rotterdam;en;;burgemeester@rotterdam.nl;Carola Schouten;;https://www.rotterdam.nl/;664 311;4;місто понад 100 тис. мешканців;new
NL;'s-Hertogenbosch;en;;;;;https://www.s-hertogenbosch.nl/;158 753;3;місто понад 100 тис. мешканців;new
NL;Almere;en;info@almere.nl;;Franc Weerwind;+31036;https://www.almere.nl/;214 715;3;місто понад 100 тис. мешканців;new
NL;Alphen aan den Rijn;en;gemeente@alphenaandenrijn.nl;burgemeester@alphenaandenrijn.nl;;+310172;https://www.alphenaandenrijn.nl/;114 182;3;місто понад 100 тис. мешканців;new
NL;Apeldoorn;en;;;;;https://www.apeldoorn.nl/;138 945;3;місто понад 100 тис. мешканців;new
NL;Arnhem;en;burgemeester@arnhem.nl;burgemeester@arnhem.nl;Ahmed Marcouch;;https://www.arnhem.nl/;164 096;3;місто понад 100 тис. мешканців;new
NL;Breda;en;;burgemeester@breda.nl;;;https://www.breda.nl/;188 078;3;місто понад 100 тис. мешканців;new
NL;Delft;en;;;Alexander Pechtold;+31 15 260 22 22;https://www.delft.nl/;109 435;3;місто понад 100 тис. мешканців;new
NL;Dordrecht;en;;;Peter van der Velden;+31078;https://cms.dordrecht.nl/;122 070;3;місто понад 100 тис. мешканців;new
NL;Eindhoven;en;gemeente@eindhoven.nl;secretariaatburgemeester@eindhoven.nl;Jeroen Dijsselbloem;+31040;https://www.eindhoven.nl/;243 730;3;місто понад 100 тис. мешканців;new
NL;Groningen;en;;burgemeester@groningen.nl;Koen Schuiling;;https://groningen.nl/;238 147;3;місто понад 100 тис. мешканців;new
NL;Haarlem;en;antwoord@haarlem.nl;;Jos Wienen;+31023;https://haarlem.nl/;162 543;3;місто понад 100 тис. мешканців;new
NL;Leiden;en;;;Henri Lenferink;+31071;https://gemeente.leiden.nl/;124 093;3;місто понад 100 тис. мешканців;new
NL;Maastricht;en;post@maastricht.nl;;;+31043;https://www.gemeentemaastricht.nl/;120 227;3;місто понад 100 тис. мешканців;new
NL;Tilburg;en;gemeente@tilburg.nl;burgemeester@tilburg.nl;Theo Weterings;+31013;https://www.tilburg.nl/;227 707;3;місто понад 100 тис. мешканців;new
NL;Utrecht;en;secretariaatburgemeester@utrecht.nl;secretariaatburgemeester@utrecht.nl;Sharon Dijksma;;https://www.utrecht.nl/;359 370;3;місто понад 100 тис. мешканців;new
NL;Zoetermeer;en;Antwoord@zoetermeer.nl;burgemeester@zoetermeer.nl;Michel Bezuijen;;https://www.zoetermeer.nl/;125 267;3;місто понад 100 тис. мешканців;new
NL;Zwolle;en;postbus@zwolle.nl;;Henk Jan Meijer;+31038;https://www.zwolle.nl/;129 840;3;місто понад 100 тис. мешканців;new
SI;Ljubljana;en;urbanizem@ljubljana.si;tajnistvo.zupana@ljubljana.si;Zoran Janković;;https://www.ljubljana.si;284 293;4;місто понад 100 тис. мешканців;new
SI;Maribor;en;zupan@maribor.si;zupan@maribor.si;;;https://maribor.si/;114 301;4;місто понад 100 тис. мешканців;new
