id,name,country,org_type,circle,goods,what,recipient,event_date,news_url,site,contact_person,contact_email,contact_phone,lang,proven,bridge,need,cost,priority,status,letter_sent_at,followup_at,notes
3,—,PL,municipality,2,waste,Чернелицька громада отримала сміттєвоз від польських партнерів - Інтернет-ресурс газети Галичина,Чернелицька,2026-09-25,https://news.google.com/rss/articles/CBMinwFBVV95cUxNNW1xdWhYNWFBbnFOZnhyZEJ0emxERHBzc3h5WVlVc281bks1SG5jbVRNRWdLNjMydHhmeGNnNDd2TmdXZVpBVm5BVjRqVFJfdTlHbVhwZi1yRFRlYk5wZERuajhQd0VwNFRUOEE0Vl9JSXI0U0x2YUIzNXA0VmxyVE1kY185TUZwazJ4QXVEY2VIelJiaEo2aUVpRHFKWkE?oc=5,,,,,pl,3,2,3,1,7,new,,,
27,—,HU,municipality,1,other,"„Ha mínusz 15 fokban nincs fűtés és meleg víz két hétig, az konkrétan életveszélyes állapot” – Trautmann Balázs adományokkal segíti az ukrán katonákat és a kárpátaljai civileket",,2026-02-11,https://news.google.com/rss/articles/CBMiqwFBVV95cUxQa2k2UWx4b2o1T2JLQ0d2bHFQRnJNUUQ4SzhPNHR4cnpGRkg4T3JPWFkzZ0xHcVdaWDB2VjlBN2RyOGpiWWRSZkM2LWV0dUR0SEluQkZySjBlWXh1X0lNRmduMGhFb1hHUjVXMUY4UUVMLThuZ1NTeXRlWjA1aHBoa1RtVHl2Y0ZVNXQ3N29NNU1JSXNRWm5FbGpidl9mYzRrZjNjTFJmQTVReHc?oc=5,,,,,hu,3,3,0,0,6,new,,,
31,Debrecen,HU,municipality,1,other,Testvérvárosi megállapodást kötött Debrecen és Harkiv,,2026-09-16,https://news.google.com/rss/articles/CBMilAFBVV95cUxNVUNBVWtjOFU3Z19OWE0wS2pRQUpwUUttLTJYWVdlZjdrUDMyNFU4S3VEZjNsZGlleEpyN0g3SmlSekgzWWxOMm05STdDajRDZk05VC1Qdm1zQmloNWtjSExHMG9xS3JpUjMwbzdmbmdSVVBEUWRRQWY0WE5fR014MFIwRUk1Z3FEX2pqazB4TXhPUEZO?oc=5,,,,,hu,1,3,0,0,4,new,,,
2,—,SE,municipality,4,waste,Шведський сміттєвоз на біометані передали громаді на Вінниччині - i-vin.info,,2026-06-29,https://news.google.com/rss/articles/CBMiowFBVV95cUxOSDZ2NjlKNWpoUXdSdTM4bTJhNnJqaTV0YnVfX0JuUG9PQ0EzY2FBeVVFZmtxZFQ1dGxCRnVvdk01WGwzbXRTbXJ6ek1vRkV1NmVVRjE2d2J2eW5CaFVsUkt4dEVkdGY3dHNrNVhoVGpIWHdPNEtQMzJPVXpNMjRha3FVZDc4dk5TZmJ3WjVJM1lrclRyZ3lKeWFQNU02TW9Wd1Nz?oc=5,,,,,en,3,1,3,3,4,new,,,
5,—,PL,municipality,2,other,Мер польського міста побратима Бердичева отримав орден «Золоте Серце» від Зеленського за допомогу Україні,,2026-05-28,https://news.google.com/rss/articles/CBMif0FVX3lxTE5NckMtQllNLTdxU1NDTFcyd0owOGNhTEpWVGppNjFuMXBhZFkxR2V3MkZqMUd5UDdTNWZhcWtVaXJyaHBfSHpydlNSZVNWd001WDVvLVJYdV9BY2hWTE0zcVM3UnNOZ2V6S0RLUzliSng5Tm9aWkplSEdobHIwNmc?oc=5,,,,,pl,3,2,0,1,4,new,,,
12,Hürth,DE,municipality,4,transport,Hilfe für Peremyschljany: Hürth spendet Fahrzeuge an ukrainische Partnerstadt,,2026-04-11,https://news.google.com/rss/articles/CBMiwwFBVV95cUxPZTZ1R3YxVjNaUXRiX2VRdGpRd1ZWX25OdWZZOUhuUDlmWVAxVnotZ3lUb214ZGM5bzNncUxMdkhUMXdyXzdzcjQyTG5XNURpNzlRa0UxRkVndTh5ZG9aWWtKTnlYMlBJRTFqY2RVSDhzWHFQbWtzN3VFVkJYU3JrdzFreFkzRmRNUm5EeTQ4Vy1iQURFRTMtSDA1Vlo5MXZkbU9PcVdmZHMyQVRoU25mLUpxOEtLdy1yTFNkb2VEbGV3bUU?oc=5,,,,,de,3,1,2,2,4,new,,,
35,—,HU,fire_brigade,1,fire,"Tűzoltóautók a Samsung-gyárnál, TEK-es rajtaütés az ukrán pénzszállítókon",,2026-03-06,https://news.google.com/rss/articles/CBMitgFBVV95cUxPdm9YVDRfbWpYSnI0M1FvdzBrQWZjWGhldWdGa3cyVngtblVhMExDNzIta3JFTDc4SFpEdS1UZy1IOWxLSzVwSDNFc2s5ZkZPcWVGQXktTjFFNUh2bEZuY3d3UnBtczctX2JzY3V3YzBma1JnTzlyZGpZRGc2dklnSjV0b0VDcXg4aklZbWlHUEhvNXJmc0FTODNZbjRhRWNDd2RaNjNKNDlrYlVtTzFDQ3hMSTlMdw?oc=5,,,,,hu,0,3,1,0,4,new,,,
19,—,LT,municipality,4,fire,Два пожежні автомобілі передали Східницькій громаді партнери з Литви,Східницькій,2026-09-29,https://news.google.com/rss/articles/CBMiqwFBVV95cUxOWGZWQzlnVTh1UWlOQ010NFowam54YW4talYwVmV2ODc3ZEVxNmVCNzQ1NEZmN1VoNTJMVGptZzRocnc3UFp2Ym9XN1VTVU9XejVUazA5WEgwajBvRHRZLXRvZnFZcG1hUDhoYUtTTFNUMlZab2JIbUR3VFV1S3M3SDFOS2hKNktiN25qNFBMNUszeVVxUWlZdGYtQk1iazk1V0ZHc0tfQXFOaVU?oc=5,,,,,en,3,1,1,2,3,new,,,
20,—,LU,municipality,4,transport,Чернівці отримали нові автобуси з Люксембургу,,2026-09-08,https://news.google.com/rss/articles/CBMilwFBVV95cUxOaUtHQ2lpMzNtLVZ5MGJmVmFsamFSWFk1T1p6YUtpSTVDU2dOTmFubzRNZkZWUi1yTERIa0h3bUw3VnZXbDlFQUFtRWNwVlZiZHduanBCMFdxS1VjNWE2Q3FkSzBVZnFkT2x6TDAzS3lCSkdMMlkyQ205NTBMZGFkQVJhMFJqVTdjdU1sRURWaEQ0WTIzdmZB?oc=5,,,,,en,3,0,2,2,3,new,,,
18,Фульда,DE,municipality,4,fire,Івано-Франківська громада отримала пожежний автомобіль від німецького міста Фульда (фото),Івано-Франківська,2026-08-19,https://news.google.com/rss/articles/CBMitAFBVV95cUxNZWl4YTdEZ2kwWGV1ektfalpDcGR1YUg1NEdDNVE1dUl6SFRkZ2pNcGQ0V3pjbW5Sb2xEQWtvU1ZXQzdQa1pSal9vQ1JsOHV5a0N5WGFUeVhCNDJwSlNQNkJHMUZCVmhRUDBQc0M0TFdWT3pLTmhMaEs0SE1McUtGRjkxdWdXaXMtUkE0czBwNDZjSV9oYVNLcFpTUEJyN0VCTDJsNmZHMk5nTmYxaGZPM05LN3c?oc=5,,,,,de,3,1,1,2,3,new,,,
10,Flensburg,DE,municipality,4,waste,Flensburger Müllfahrzeug erreicht ukrainische Partnerstadt Boryspil,Boryspil,2026-07-23,https://news.google.com/rss/articles/CBMipAFBVV95cUxORldyQlgtdXY5NGFCMTFPUHJoQjZfQUdzWlpDbzQtcjFNU1dLYVJpUFpEVVJvZnU2bkdJNjl0RU90VkVWdy1xOElib3M1UXJCN1F0U0huZE1WU2JGNUdPZDg3ZlFjNTlqZWZ4QTZIbUlXY3V2OEVZYk16YkEyN2oyb0RaUlFhVEhYT3htWXZsdzVjVDA5RGJNRHpqRDBIaTdKNU8yQg?oc=5,,,,,de,1,1,3,2,3,new,,,
25,—,HU,church,1,other,Negyvenmillió forint értékű humanitárius segélyszállítmány Kelet-Ukrajnába református közvetítéssel - Magyarországi Református Egyház,,2026-06-12,https://news.google.com/rss/articles/CBMi3wFBVV95cUxNTFd0Mjh3T3dwd3VNNm1yTjdMUXdzeU1uZTJzbmU5Z0FwVWpUWnZ6cGxUSFg5OGhETDVseUVDUHBfaUdpb3YyX1ZRVW9qMTRPRUhpR3NkT2EwWDVNRVpqYjFNQ190SEFLWFR6NFM1YTJCVmZWLURjUWNpMEFJeXR3MXAwTU81WFl4eG9kdmhSazB2ZTNmQ0xOaXBfTUpCMnFzWVFFT0gwNDcxRjhSM2FCQksydUZvVGI2SGFpb21raGp2RTZaZGVRQVhqOWhtekt4aTVVY04yUmxFVy1vTkJr?oc=5,,,,,hu,0,3,0,0,3,new,,,
7,—,DE,municipality,4,fire,У Калуші рятувальники отримали пожежний автомобіль від німецького міста-побратима після року тяганини,,2026-06-02,https://news.google.com/rss/articles/CBMiTEFVX3lxTE5ydHNUeG1wV3Y2alJ5VXdhUUZrRk91bTJKY0VLWndYLWVGemVfLU8xYklnWnlhM1BJbHl6ZVRMbGZKWkJtNnlRY0E4bTk?oc=5,,,,,de,3,1,1,2,3,new,,,
9,Grevesmühlen,DE,municipality,4,medical,Hilfstransporte aus MV in die Ukraine: Grevesmühlen schickt Pflegebetten nach Itschnja,,2026-09-29,https://news.google.com/rss/articles/CBMimgJBVV95cUxPak01ZzIxak9YWFhZV1NrV1d5MDhWbjVDR19xcm53cWp6V3UtQnpBTl8wYzRsSXhoMTR4WmNnNVktTXdVdkxLRGZibFlBQ0pObEFfUXFFYXFCUzZDWWhvLVI1TW9BdEtxSzJUSVVsRFJKUlItYThmMmtDUlg2czVGcWgzTm9wTUk3SmJlWWprdC1TU2FlbGNSRmJSRWZqLV9yakJWYmdXeEJaS2VpTHBTMXZFYUF6blZuYWZUX0dESlVPb2F6aVpud2FCV1NRU2dDRElLQU9jOE5WSFZrM2hCbU5NckhDM3F2MkdnamZwclJnak1tRUk2RlFScTZBY0RXZXVZdGYxSy1NNEp3M080cTVXTU80b01fY3fSAbYCQVVfeXFMTjVCN2I4elk1emRZcFhfZlVQd3pPQ1c2YmhIRE4tWnFYaDUxeVA1T3hxNmEzdHhsc2JfMXVNUFE5dVJhWVo1UzZ6QnQ1bGNUNUNEc0JuRFZiU05kaXlZS000bjZwVVZFOFFsN0tJM05HQVJEZFFVUjhWV05TcTJ0TV9VRklkM2xXOFFYeC1SZ3lCY1NqVHB1clFxUWVRTHdqZUxzSndBLTdWZ3l3a3R1b21uOUg0Q0JFOHMzS04wZlVGNkw0Rm1tUWRiTUh0UGlaZmQxT3NGaFNtNExZUXJ4aWlOd2VMY0F5Qm1WRXlDVDhHSjRPUlQ0ZHp6UWI5cFJlbmtsVVpIblNpalJSXzdUTVZUSjFuTy1kNHFVVVNjVjV2VUJMWjNjLUhGREE1QTRqREN4NUs2QQ?oc=5,,,,,de,3,1,0,2,2,new,,,
14,Freiburg,DE,municipality,4,other,"3,4 Millionen Euro gespendet: Freiburg und die ukrainische Partnerstadt Lwiw wachsen enger zusammen",Lwiw,2026-08-07,https://news.google.com/rss/articles/CBMi9gFBVV95cUxNZFdOb0lta0h2Y2s5MWsxczdNTjZfamhveVcxYkFXZmRmSGZUWVp5MDl1YUhDM21BbklyeEJMb0JnVzNHUkQ3T2JHNFd5UjM4RnAteGFveHlFWlEybG9hemJrVjJRRWpORzc4SVhwT1RqbjJfaEdNbEFRZnpXYjA3Wi1Fb29qVXNOZExVa2drWDVBUlFBWTZLUFhWX014T09WNXZ4VVgtNzNNRXJ6WVBBWkN5NTRRX0RudWdvMWNXemNEUEl0aW9RV0ZDeDVZbXlnVGt1Z1VTUzlXSjJhTlRKaTZiTnprMnhiTmd6RXZxRDlWR0hxUGc?oc=5,,,,,de,3,1,0,2,2,new,,,
54,—,SE,municipality,4,fire,Därför ville SD inte skänka brandbil till Ukraina,,2026-04-02,https://news.google.com/rss/articles/CBMikwFBVV95cUxNMGx4NTBKYXVsYi0xc1lrejlNUUg1UjVDVkNjaFRoUXFOVzFFaDJpZHI0bFJRWk1uMjc4Q3Z3S1hkcmN4R3R1eWdkMEplN1cySV80bzNXZlZiT0FBTmdCNVRSTHIyZzdkY2JGbzFGdkRZNWhYa0xTUXhYSlY4ZDJqVWRwbXFaa0pVeC16OWlQeERvUTQ?oc=5,,,,,en,3,1,1,3,2,new,,,
52,Markaryd,SE,municipality,4,fire,Markaryd skänker brandbil till Ukraina – SD ställde sig emot,,2026-03-31,https://news.google.com/rss/articles/CBMikAFBVV95cUxQdE1YMkZWdThhSHc3aXdSX2UwOTdfSXJpVEJtckREbVJ3RkxZemlmbV9PUE5ubEluNVVoVGh5NVhWcFlCZmEzUmVMeHI3b25zRjFEd1E1a1pUMVJwRmtFS3Izd1FYeG94TG1mR002UkhYZUk0alNOUldlcDh4WjNqdEJkUGlkcEdWSlV1Y3JBcW0?oc=5,,,,,en,3,1,1,3,2,new,,,
17,—,GB,municipality,4,fire,Лівинецька громада отримала пожежний автомобіль від британських партнерів,Лівинецька,2026-09-08,https://news.google.com/rss/articles/CBMiuAFBVV95cUxQN1dnRklWTmUzczlFYjROWElEMW9sMVlabnJ3THdzRy1TYTNaVGRLY1dsN1cyOUM1Um1fQnk5Nl9PRjdSWGdiSklHQmdTa1NFQ3lCQVYtTTZSRXVfd1lsblBaMFdvNXRlR3VjdFdaelZ0VnFIRW9hSGhXYjVyRVpYQjhqVGxzdDJRZ3V4OWJMMTFsWnMtcXZWQU1WOGp5aEpLVDJuWnBkZWp1RHdHMzZFekxPRjdjVE5X?oc=5,,,,,en,3,0,1,3,1,new,,,
58,Norrtälje,SE,municipality,4,other,Norrtälje kommun fortsätter stödet till Ukraina och skänker 120 iPads,,2026-08-10,https://news.google.com/rss/articles/CBMi2gFBVV95cUxQVUZ2RTdnMWhLWXRkc2I2T1NtdUxXdURLai1QMldvNExRV3VqdFYyQlBDUVpWaHk5MFhCSmdhV1NEd2ZYNi1WNWJTdl82OWxWR2tOdFp3V2pWX194SkFpNnlQdm5tZjVHRWlDV3RReDlGcDFpTEY5ZS1BWVN1Q0ZZWVFIelFWaFN1T282dUpsb3hfbmtVLV9WT05jVFp2SldXXzcxYW1maGtpYUdHMlZ2OFR0a2dvSW90OExReDJWcEZjVUZjdDQzQmZVLVFBU1JwV21abjJiV2trUQ?oc=5,,,,,en,3,1,0,3,1,new,,,
22,Рівненщині,??,municipality,4,energy,"Громада на Рівненщині передала військовим турель, дрони, генератори та іншу техніку на майже 800 тисяч гривень",,2026-07-27,https://news.google.com/rss/articles/CBMiY0FVX3lxTFBMUlptUzdxVUg2eHZDTl9yVDZUMzNQdTFSX2RRUGxfOE9jLW5ocXZRUGJKdU1mOENwMFNROFdiTTRZaEstY09IeUpBR205WWg5R3VrelkyNUlqUzk1b2lMaU12aw?oc=5,,,,,en,3,0,1,3,1,new,,,
8,Шяуляй,??,municipality,4,energy,Шяуляй передав Хмельницькому 51 генератор для посилення енергостійкості,,2026-05-17,https://news.google.com/rss/articles/CBMiZkFVX3lxTE1TaEtyZUg2ZUhPcEdTa1kyX0VWd0hmNnRyM0FuVkN6RjdPYTlvOUFYUHg3ZFMtbW5YZGQzYndpcUZmMWY0V2xoQUc1aGNwVnJmcGY5Z3RmSmxPdzBqVS11YXZZRkpRQQ?oc=5,,,,,en,3,0,1,3,1,new,,,
4,—,CH,school,5,edu,Допомога зі Швейцарії: школам та лікарням Миколаївщини привезли гуманітарний вантаж,,2026-04-15,https://news.google.com/rss/articles/CBMiwAFBVV95cUxNR1VGNWZtM3M0YlEwU05HZHJHdjg0el9VODJXdDlEeFByZnp4WnJkN2JET3Y2RENlck1yOXVlbEE4UUduVzRuYjdBRFByT0o4Tlh2dGYzNW9HYjlrcHhNUm5hOGZXY1NXbVlia0F1YWk1RUlyN2IzR3lVR2lHY0hhTlVtV1ZFTTJfSUMwYUZpU1ppQ2ExNWpTdEY2NERDWGNSaHk1bW1WQ0lFdjdLRWJ6Ql9tMFpBT01ybkJGeVFZZHjSAcYBQVVfeXFMTThYUjhmREZIV3RQVW1yZE96aE5qVVVPRE1vRDRqcVRXVW8yVkdPTkNxZE43MktUUHhTT1RidUlBZm9LTjBuZW51M1BlaTFVdmVoWU9heE56OTNiM3NvczBKMHVfR2xtUVMzNUhITEFlaS0zdklleXl1akZnMjNiaFd0YlRFdHYtOVB1emQwdU1jb2lOOEFNM2lJQ2ZHa2N0QkNQY29NSk13NFVmOVUzSno3c1Z0a1dtenduYzA4WFI1OV9Ob3R3?oc=5,,,,,de,0,0,3,2,1,new,,,
59,Motala,SE,municipality,4,waste,Motala kommuns present till Ukraina: En sopbil,,2026-03-25,https://news.google.com/rss/articles/CBMingFBVV95cUxPMmVwRXlQZ2pmallxcjJKQzRBSTNQXzJpazRSQnhGc3dYaWlPdnBaUy1DOXpudVAxR1VncTlxcmlsMThjdTIweUtUU3NmS3M1TEMyY3U0S3N6S2RPX1RwVWZFWm1HdG5rcGxBOVFseXRuem9RZVN2SlVVQkpYdEllTXplYTJSTDhocFVCakQzdERKSVdfNVRkeXBXV3I5QQ?oc=5,,,,,en,0,1,3,3,1,new,,,
56,—,SE,municipality,4,other,Göteborgs spårvägar skänker spårvagnar till Ukraina,,2026-03-06,https://news.google.com/rss/articles/CBMihAFBVV95cUxPZWdyU1FHeHZzd2U2S2FIQWcyZkp3UFFsdm5sOWZDUEZwN1czMjBJUEZXcDE1bUdmeFAtay1OY0pVLVdVVHBvWlo3OV93V3FkRE9WT0RTZEk1Y1BDMmFUQlJRRkdKVml5bUU1cnlWc1laYzkxQzZ6a2M2RXQyZDkzY055NHI?oc=5,,,,,en,3,1,0,3,1,new,,,
55,—,SE,ngo,4,fire,Rotaryklubben skramlar för brandbil till Ukraina,,2026-09-10,https://news.google.com/rss/articles/CBMihAFBVV95cUxPaW5YREJoZDdLUG5RWkVvUmFqQ3lTLUdtZzNScllZaEZBMHRLcjIxSV94VVhpWXZmNDNqdDNIb2NGQXluYkVBb3IyX0xIQlFOR1NHSjdUaU1wZTRUR1puMklNcTlOM01oU0gwQmdTVTRZaXZWNWhGeE1fTmtEZW52NW9oQ2o?oc=5,,,,,en,0,1,1,3,-1,new,,,
51,—,SE,municipality,4,fire,Brandbil från Nävekvarn hjälper till i Ukraina,,2026-08-02,https://news.google.com/rss/articles/CBMinAFBVV95cUxNSUhQQkNyMXBQTk4yVFZJejh0YXZHQkpkXzJJcDk1ZzM3TS0wRkFoelB5RTd6c0N1MFFZVDVzVlE5VmF6cFlBZ3FFMzRPQTFTVm1fZVpRblBrVFZ0QW5nZG1vTlFPcFRrU3RMWVpRVUFUMXpuLU9xRnFwZ1h1M3RIajFSVVEwaHFlbzU5YVFEd2RZT0ttRU0xRTZBeXo?oc=5,,,,,en,0,1,1,3,-1,new,,,
48,—,SE,municipality,4,fire,Elever reparerar brandbil i Skellefteå – skickas till Ukraina,,2026-06-21,https://news.google.com/rss/articles/CBMingFBVV95cUxOa3BvM3pMSE81UDZiR1I5QUtLMXFtNUZ6QVlraVFFU0tKWVk4UkFpUmlwNUdzajJLQ2dyTzIyS0c2b0Y2VUI2UkpBdzNVcTlsZEJENWRON0lDakVsbW9BWnJWbmNIMzRPV3BNWUlJakstSi1SamhTb2plVF85U05DbnJXTVZJc2hGLUtLN0ZlRElzUDMtZ0VzNW5JZ1pRdw?oc=5,,,,,en,0,1,1,3,-1,new,,,
57,—,SE,municipality,4,fire,Till Ukraina med en brandbil,,2026-06-07,https://news.google.com/rss/articles/CBMif0FVX3lxTFB0S193VF8yUUgyZGExREJRR1A3cGlVZWg0eklMa2c4MVROc0JBUEVPekI3dGY5cXBWQVFDUzN2ajJFclhMaldNMVdQQXEzSDZ2bTdVdEhsN2I5Vl9PZ3FfOEpQNFBEZDAtVDktRm43T25rdXc2YUxUV3VsZjBNZUE?oc=5,,,,,en,0,1,1,3,-1,new,,,
49,—,SE,municipality,4,fire,Brandbil från Rättvik får ny viktig uppgift i Ukraina,,2026-05-26,https://news.google.com/rss/articles/CBMilAFBVV95cUxNWkJQY3dka1NRQXFoOW1BYzNEUG5uVDN2dzBOS2pIa2c4TDhvZW9NTHFPNGFtV1BmTFhMNEItVEh5bk5vMDRRbjV0RHprVDd3czB3S0cwU25qNjhMSE91TER5T051enZaMU41cGFvWnREVGhmRkcxRHZJSk1pSzFTZVpJZnB5dGNfeExpRmVhcWhYbmUt?oc=5,,,,,en,0,1,1,3,-1,new,,,
24,—,SE,municipality,4,fire,Räddningstjänsten fick gåva från Ukraina som tack för brandbil - KT-Kuriren,,2026-05-14,https://news.google.com/rss/articles/CBMioAFBVV95cUxQTXA5bS03VElxX0UwUTg4ZVByeUxncGFwS1I3Y3NBc3lZZ3JzLTNWQkQ5NnhveXE5ekZHdklIRThKeXoyVmEwVHprT2N2TlZjRXhYRWtZdk14VVkxUE9nU1RoQkxISlVEZDZnbERvNEhCaFQ0WjdFTVFHbnpBd29wMFo4UjktX1gxWFdVd0xPR1dCRF9WcWJCN1ZSUDBwOFNq?oc=5,,,,,en,0,1,1,3,-1,new,,,
6,Ronneby,SE,municipality,4,other,"Swedish Ronneby brings entrepreneurship expertise to Ternopil, its partner city",Ternopil,2026-02-13,https://cities4cities.eu/swedish-ronneby-brings-entrepreneurship-expertise-to-ternopil-its-partner-city/,,,,,en,1,1,0,3,-1,new,,,
53,—,SE,municipality,4,fire,Brandbil från Karlskoga är på väg till Ukraina - KT-Kuriren,,2025-12-31,https://news.google.com/rss/articles/CBMiiwFBVV95cUxPLWd3ejB1MkxPY3ZDNkptc2xqQTA4NWtRQ3VUVlRWYldHYURlLUZ3LU5OOUFDWnJTN3dvMzgwQ2NaYWtRdzZoYS00VzRjY0owU1A5ZUxBNGxsYlFITWdFZHc5c3JseHNnUllvTjlRMlI1czBQUjRfZk50Umc2RU1NRXhGYWR5VDA2MjRz?oc=5,,,,,en,0,1,1,3,-1,new,,,
47,—,SE,municipality,4,fire,Johan kör brandbilar till Ukraina: ”Gör stor skillnad”,,2025-11-05,https://news.google.com/rss/articles/CBMikgFBVV95cUxOTDNVcEoxc3pPMnQ0Ukl5X01Nam5YMWFYZ29CRmpmSEd1UUl4bnM1cUluSFFOZ3R0VFVsRlk0MUJjQkFOdURrbDdWaGtjMTFIQkZmbFNDZ09wWVlGSmR0a29YSFhINjg2YWJDMDh4Nl9IeVZaV1VqdW9Sd2UyMzZnNVRvRU9xclRMdW9fcmdQandNZw?oc=5,,,,,en,0,1,1,3,-1,new,,,
50,—,SE,municipality,4,fire,Brandbil från Halmstad rycker in vid fronten i Ukraina,,2025-10-30,https://news.google.com/rss/articles/CBMinAFBVV95cUxONHlkdEt3SmZBel90b2RFOWFfSzVoVGJEeVFRcnRIcGYxWUxZeDl5c0hVbXdfMWFvamx6dXg0Nkd2OUZHb1FfRU9WaEI1NHR0NC13eFZCUTNYYXdxWU9pTXI4bkFMak9YZnh6aXctbmF5ZTlOYWxLOFczdUROLXRjZ1k5UkM5U0o4Qzd5S1RHQ09ud1JFRmtZazA2TVQ?oc=5,,,,,en,0,1,1,3,-1,new,,,
45,—,SE,municipality,4,other,Ukrainska vänorten vädjar om hjälp: ”Systematisk beskjutning”,,2026-07-30,https://news.google.com/rss/articles/CBMi2gFBVV95cUxOVE44cEh5LXJQazZnamZTLXFwcVI3SUdXaVdRaTRHUjZGdDdBcW1RUElOUWE5dnZNVEZKaFRhQVZrbTd6TE54QzFSRGdLTGhiOHJaV2RRYjdHbHJIRmptV3Vra1dlWlJsSFd0SF82RllDWElueWMwLXdGa1BGdnhwRW1oOThkOG5kb1R2NEY5OUpfamoyUVNJZEF0MGZwTnVyaXdCVFdvT21zQzF3elZtd2NOS3RVUW9GeHBvSzJzN01HVGdjSU1Uak9Hc1kxZGE1dnV5dEtDX2Zndw?oc=5,,,,,en,0,1,0,3,-2,new,,,
41,—,SE,municipality,4,other,Peter Eriksson besökte ukrainsk vänort,,2026-06-04,https://news.google.com/rss/articles/CBMitgFBVV95cUxPN2hoMGQ5TGRLN251blY3ellIWU13c2puUmpTQU5fR0FpRlJHYnNldlk3VXJtekpXaWZreXNjNUZ5a2x4bVpNVHNRX0tPMndNenZSQzVNa2ZLZFYtLU9vXzNIZVV1Q2xMVjFSZ01Mek16YU1XVmVvN1l2dnVMb1VOYjBJQ0dWcFZBYkNCeGRYNUw2cHlyd3Q5ZjhHeWZDRVRvaGI2YU1UZWlfLXgwNndsSXZydjViUQ?oc=5,,,,,en,0,1,0,3,-2,new,,,
42,Sunne,SE,municipality,4,other,Sunne signerar vänortsavtal med Korsun-Shevchenkivsky i Ukraina,,2026-04-01,https://news.google.com/rss/articles/CBMijgFBVV95cUxNaldRNWVWR1NTeGplbm9iNWczQVdjVXZOWk5oeW40d29lejd6UEFOTFM4WTdkekM5blRhUVA0eFlEaEVucnk5dDkwbEQ2YWlpZzJHNm4tSFBtTEFrT3F6WjU1QW54dTJaenU0cnkxaVdna2gtNmpLU29QUDRzN1lxMWZGRnhoLS1yRE1yZUdB?oc=5,,,,,en,0,1,0,3,-2,new,,,
43,—,SE,municipality,4,other,Sunne har fått en vänort i Ukraina: ”Viktigt att visa solidariskt stöd”,,2026-02-08,https://news.google.com/rss/articles/CBMiqgFBVV95cUxOZFg2eVJDakkwWFZkd3RDbEkwR29KTGNzeE5TT1YxdkxJRkstSXpydjdVUm1Pa0tYQ09tN0ZhQldIOVdmd2Y3ZHZ5Sjk0dV83cE4yQWRXeVhDUk9wQ0N2bldwNnFtWkFnTmV4RHlUalpIU1F6Qm0zczFjZGxwNFB1NHB3REpIQ3dEUDVkR2EzMXlsU05Vc3ZjWUZuYnA5TVdyODZGSHBpY0Ntdw?oc=5,,,,,en,0,1,0,3,-2,new,,,
44,—,SE,municipality,4,other,Centerpartiet i Skövde vill se vänort i Ukraina: ”Många positiva effekter”,,2025-12-15,https://news.google.com/rss/articles/CBMinwFBVV95cUxQNmcxSG14NlM4QldGUVl3bXV4X2k3dW5tZWd3WERSbU1CX3l5eHAybU5qYU40SV9LeWRzVlZWX0s3T2wxNlJJQ3J0YVFlbFdHWXJTMU9MUE1JeWRmR3BqWkRuU3VObUFMQVZZeGFDUUE3TWxLMVF4WXNVWHhaOEVqYUZlR1dwMm5sVmVYcUh6TTljVkQwd2g0YlVNR3ZWS1U?oc=5,,,,,en,0,1,0,3,-2,new,,,
21,—,US,municipality,4,other,"Ukrainian Kopychyntsi and Bozeman, Montana Officially Become Sister Cities",,2026-09-27,https://cities4cities.eu/ukrainian-kopychyntsi-and-bozeman-montana-officially-become-sister-cities/,,,,,en,0,0,0,3,-3,new,,,
